date,value,country
2012,60.5772275898102,AL
2013,68.2463112084318,AL
2014,65.5362570069905,AL
2015,68.8016580231509,AL
2016,69.8461874392193,AL
2017,65.5051854324395,AL
2018,61.470467291489,AL
2019,60.4097685761922,AL
2020,69.8476640742492,AL
2021,64.6206968822262,AL
2022,68.1248192982638,AL
2023,67.0531302283111,AL
2024,65.8156699444184,AL
2025,64.7503006319672,AL
2026,64.0380411508246,AL
2027,63.3501279051302,AL
1992,62.9614063462369,DZ
1993,74.0698901501363,DZ
1994,98.431882616851,DZ
1995,116.261038904704,DZ
1996,98.2035630112649,DZ
1997,69.8947072997824,DZ
1998,72.9045369291907,DZ
1999,82.0656229716731,DZ
2000,62.8489204558194,DZ
2001,48.4035895081944,DZ
2002,45.1842850137083,DZ
2003,30.566149656341,DZ
2004,23.4743411897676,DZ
2005,1.94367770960063,DZ
2006,-10.8406394064143,DZ
2007,-20.8741387533159,DZ
2008,-35.4909984964575,DZ
2009,-39.6395072034098,DZ
2010,-33.7043485087974,DZ
2011,-31.0864674974566,DZ
2012,-29.0339475270229,DZ
2013,-30.0186998805232,DZ
2014,-21.8025745163451,DZ
2015,-7.63065538112946,DZ
2016,13.3131490438454,DZ
2017,21.2369398480299,DZ
2018,25.6494459730494,DZ
2019,30.6309750149167,DZ
2020,43.2531989827171,DZ
2021,51.4468801954057,DZ
2022,51.2498872543373,DZ
2023,56.2786530218732,DZ
2024,61.1776397073642,DZ
2025,65.1778599186549,DZ
2026,69.071087746973,DZ
2027,72.9397631028807,DZ
2000,43.7321915448226,AT
2001,42.2774651400068,AT
2002,44.2389473540291,AT
2003,42.6908749797833,AT
2004,46.197402663852,AT
2005,50.0319708747417,AT
2006,49.6393308451358,AT
2007,48.7572171083675,AT
2008,49.1694566245657,AT
2009,56.6603620765015,AT
2010,60.4816243241727,AT
2011,60.2659735348497,AT
2012,60.4711957925405,AT
2013,60.4084650622302,AT
2014,59.1443513821714,AT
2015,58.2852900331223,AT
2016,56.9164070714302,AT
2017,55.9202711271171,AT
2018,50.717801058885,AT
2019,47.9452055221088,AT
2020,59.5105313959055,AT
2021,60.7720402957897,AT
2022,59.8630787702056,AT
2023,57.0321492237025,AT
2024,55.9074265548699,AT
2025,54.9935863522293,AT
2026,55.1343585172453,AT
2027,53.7385618875696,AT
1995,73.2131734772489,BB
1996,67.8854894965028,BB
1997,61.8445086495445,BB
1998,52.4671825044975,BB
1999,50.6231556162704,BB
2000,55.5583456362464,BB
2001,58.0215168717477,BB
2002,67.2169506372058,BB
2003,69.1817590770782,BB
2004,69.9129908904802,BB
2005,69.6559123231435,BB
2006,75.3033044553784,BB
2007,75.6135687400479,BB
2008,79.6993506592591,BB
2009,97.6874734211774,BB
2010,105.042454182527,BB
2011,108.45077908632,BB
2012,121.97339525957,BB
2013,132.91871018903,BB
2014,137.777130654471,BB
2015,146.731700198371,BB
2016,149.36284612676,BB
2017,157.953014668989,BB
2018,126.132843228966,BB
2019,118.506167915572,BB
2020,140.794247537992,BB
2021,139.752264628755,BB
2022,124.3040065555,BB
2023,116.427204190322,BB
2024,109.803750093864,BB
2025,102.828763162923,BB
2026,96.2329269153711,BB
2027,89.9920386046425,BB
1999,106.433187787343,BE
2000,100.836271725903,BE
2001,98.520059772637,BE
2002,95.9115112257781,BE
2003,92.8801817916721,BE
2004,88.4458594434337,BE
2005,86.3735618651967,BE
2006,83.0684820283499,BE
2007,78.6944260940169,BE
2008,82.2082662860847,BE
2009,88.8868685294381,BE
2010,88.882524646142,BE
2011,91.6027427866201,BE
2012,92.035994044151,BE
2013,92.5287619629403,BE
2014,93.3752518585424,BE
2015,92.001718254292,BE
2016,91.1826731925085,BE
2017,88.3089540501067,BE
2018,86.4110740844599,BE
2019,84.7764346662205,BE
2020,98.0343361917644,BE
2021,94.9733521469887,BE
2022,95.0274217296701,BE
2023,96.8890383442207,BE
2024,99.3716443401758,BE
2025,101.945108174782,BE
2026,104.633635032391,BE
2027,107.628129817601,BE
2001,51.7293171925936,BO
2002,62.1163160297499,BO
2003,66.4442632060753,BO
2004,87.0153660687716,BO
2005,71.0881907802706,BO
2006,41.886329055053,BO
2007,27.2577397391595,BO
2008,20.6072757455226,BO
2009,23.1439957337877,BO
2010,17.7230419196602,BO
2011,15.0426640299212,BO
2012,12.2373990260869,BO
2013,11.7555970421351,BO
2014,15.6631465239203,BO
2015,22.769444038067,BO
2016,30.476946870008,BO
2017,37.2133796327563,BO
2018,42.5612593686012,BO
2019,50.2363533234843,BO
2020,68.2115510776376,BO
2021,72.4682868392435,BO
2022,77.7451616474821,BO
2023,80.3490741459257,BO
2024,81.6346154206178,BO
2025,82.8770425217191,BO
2026,83.8631358041146,BO
2027,84.2108686241978,BO
1999,53.3609981082917,BA
2000,32.2380824648209,BA
2001,30.8420018148542,BA
2002,26.4691833425015,BA
2003,22.1711798435632,BA
2004,19.7339531407092,BA
2005,19.1164936178436,BA
2006,13.1818220271836,BA
2007,4.38397771879775,BA
2008,21.598472503959,BA
2009,26.7340876529134,BA
2010,33.9598863675661,BA
2011,33.6100522592426,BA
2012,36.4503597175655,BA
2013,37.1737331537332,BA
2014,39.3192304536285,BA
2015,38.3723375027621,BA
2016,36.510632133842,BA
2017,29.1057379994662,BA
2018,24.1448147548173,BA
2019,20.9510864845759,BA
2020,24.9455332181047,BA
2021,22.5642994187526,BA
2022,20.7202084742369,BA
2023,18.8818161628939,BA
2024,17.8686167031297,BA
2025,15.900011813468,BA
2026,14.1962933502693,BA
2027,11.7898644781763,BA
2001,-124.361212701329,BW
2002,-134.920996081547,BW
2003,-74.4593810106173,BW
2004,-56.3655396206234,BW
2005,-66.8592639762579,BW
2006,-30.4483627789263,BW
2007,-37.100310848166,BW
2008,-36.2358262312722,BW
2009,-15.773210608441,BW
2010,3.08801518688688,BW
2011,-2.97067930810357,BW
2012,-0.398348544757082,BW
2013,-4.99019729328137,BW
2014,-10.2011294499652,BW
2015,-8.15340049186049,BW
2016,-3.47312823694993,BW
2017,-4.68431904947383,BW
2018,-2.35170888727912,BW
2019,2.95830560376814,BW
2020,14.9714196312304,BW
2021,17.983742879191,BW
2022,19.893360247841,BW
2023,18.5848456088744,BW
2024,16.1325161411715,BW
2025,13.608705861808,BW
2026,11.0297418649533,BW
2027,8.89259534303963,BW
2001,51.4860517846696,BR
2002,59.9341093971379,BR
2003,54.2586798884107,BR
2004,50.1856121454905,BR
2005,47.9154971642489,BR
2006,46.4858219922783,BR
2007,44.5457755497549,BR
2008,37.566313321512,BR
2009,40.8849318534767,BR
2010,37.9793691575613,BR
2011,34.4701835637927,BR
2012,32.1943929959998,BR
2013,30.5035837272701,BR
2014,32.5863060494026,BR
2015,35.6398311822914,BR
2016,46.1439161380236,BR
2017,51.3697212863916,BR
2018,52.7664533137309,BR
2019,54.6988378021415,BR
2020,62.5367578008195,BR
2021,57.225959410992,BR
2022,58.9710162421913,BR
2023,61.5479646757375,BR
2024,63.3509093272765,BR
2025,64.8733926733196,BR
2026,66.2490753070628,BR
2027,66.4232007824465,BR
2001,34.677470483325,BG
2002,26.3275243728322,BG
2003,21.6021616499915,BG
2004,16.1756414282526,BG
2005,9.0739084184212,BG
2006,2.28806887151399,BG
2007,0.0770514680323763,BG
2008,-1.06290646219872,BG
2009,0.533216588155211,BG
2010,2.84671001110251,BG
2011,4.96927294553716,BG
2012,4.49136398736634,BG
2013,6.47809122378372,BG
2014,13.1347690111411,BG
2015,15.4399867785078,BG
2016,11.3020800759988,BG
2017,10.3369227580856,BG
2018,8.96487036692726,BG
2019,8.40448341446794,BG
2020,13.4080081515816,BG
2021,13.6841185594717,BG
2022,14.1686361383098,BG
2023,16.612708017338,BG
2024,18.7981730479397,BG
2025,17.6684345682672,BG
2026,16.5441318011043,BG
2027,15.3945303599749,BG
1998,79.2451592280877,CV
1999,67.6242422812436,CV
2000,80.5708542506418,CV
2001,77.9361953986576,CV
2002,80.0109843386828,CV
2003,78.9260852397263,CV
2004,81.2274861177527,CV
2005,80.4893403973493,CV
2006,74.0778373404196,CV
2007,59.1875008375642,CV
2008,58.2232056184211,CV
2009,57.7281580765158,CV
2010,64.5959427858771,CV
2011,72.1330986042,CV
2012,87.0561889032772,CV
2013,97.9606672319196,CV
2014,110.089233720226,CV
2015,119.744798377626,CV
2016,121.769538470455,CV
2017,120.803225738838,CV
2018,117.856825891647,CV
2019,115.682888977088,CV
2020,144.686905349855,CV
2021,141.245205801445,CV
2022,147.26780387765,CV
2023,141.663308734241,CV
2024,134.820903342199,CV
2025,127.606672230194,CV
2026,120.118884266288,CV
2027,112.901073333805,CV
1999,65.4644094351434,CM
2000,72.6563800168022,CM
2001,59.5478044263202,CM
2002,54.1911324157312,CM
2003,49.4479354601769,CM
2004,50.3880187598885,CM
2005,42.3650583415884,CM
2006,15.6800764493323,CM
2007,10.3444836244339,CM
2008,7.34420631726494,CM
2009,7.58461097305076,CM
2010,9.97532566324567,CM
2011,12.0430589152896,CM
2012,12.6859760774996,CM
2013,15.2857548198187,CM
2014,19.1169194750397,CM
2015,27.5578066524484,CM
2016,30.5031178434026,CM
2017,33.2801861466784,CM
2018,35.9038534136691,CM
2019,39.4647286878634,CM
2020,43.0211412658305,CM
2021,45.7416482254776,CM
2022,44.4897811461843,CM
2023,40.4715450729977,CM
2024,37.9080255642877,CM
2025,34.688414369437,CM
2026,32.3125851574473,CM
2027,30.8413730783041,CM
1991,50.3484745067137,CA
1992,56.8528024764906,CA
1993,62.9200427823521,CA
1994,66.1408484138328,CA
1995,67.563469416958,CA
1996,67.2532139924683,CA
1997,63.2661319666654,CA
1998,59.1472205565266,CA
1999,52.3762137535754,CA
2000,43.8009856510116,CA
2001,41.3911054455796,CA
2002,39.2489197398998,CA
2003,36.9328637565979,CA
2004,32.431230539682,CA
2005,28.5006928861345,CA
2006,25.6633685330254,CA
2007,22.2041363765727,CA
2008,18.6409992269352,CA
2009,24.5461499592066,CA
2010,26.9861372541487,CA
2011,27.5085495836394,CA
2012,28.93108092651,CA
2013,29.7062368872181,CA
2014,28.5092270381744,CA
2015,28.621898363227,CA
2016,28.4749461253447,CA
2017,25.8409513785824,CA
2018,25.7290527469333,CA
2019,23.0993114679483,CA
2020,33.6380781995719,CA
2021,33.240885035875,CA
2022,32.0652328371018,CA
2023,31.5998824712119,CA
2024,31.3318546626707,CA
2025,30.7864805067115,CA
2026,29.1014014290013,CA
2027,27.5994266102837,CA
1992,14.3142838431784,CL
1993,12.9764155531655,CL
1994,7.7969799521234,CL
1995,3.77339975365079,CL
1996,1.40133632326305,CL
1997,-0.420278647935506,CL
1998,-0.267121227727262,CL
1999,1.58170062983411,CL
2000,2.98126639579378,CL
2001,5.43880911224387,CL
2002,7.41815401047314,CL
2003,6.38546799948601,CL
2004,3.89289370598302,CL
2005,-0.0525370099517023,CL
2006,-6.51070329842712,CL
2007,-12.7258467943032,CL
2008,-18.9578719210653,CL
2009,-10.376655915561,CL
2010,-6.93165792871624,CL
2011,-8.4979430592675,CL
2012,-6.71534080261331,CL
2013,-5.64630780780868,CL
2014,-4.36930303411935,CL
2015,-3.45991570072709,CL
2016,0.945062589302854,CL
2017,4.42362825450062,CL
2018,5.74285796349118,CL
2019,7.98202672885221,CL
2020,13.3894895899756,CL
2021,19.9786353233888,CL
2022,20.6210875972081,CL
2023,20.6455067122923,CL
2024,20.4087557284545,CL
2025,20.1228591588708,CL
2026,19.9124712823543,CL
2027,19.6532651599496,CL
2000,31.5745836884268,CO
2001,33.2695287939258,CO
2002,40.6715499776155,CO
2003,37.7240621938705,CO
2004,32.7213725842462,CO
2005,28.1379373221763,CO
2006,25.4390471353991,CO
2007,22.6105572119505,CO
2008,22.432003185635,CO
2009,26.3083897128165,CO
2010,28.4933064258074,CO
2011,27.179984677229,CO
2012,24.79404601978,CO
2013,26.8655694360721,CO
2014,32.9190446083552,CO
2015,42.0810138793753,CO
2016,38.6111428666946,CO
2017,38.6424615483975,CO
2018,43.0644359431243,CO
2019,43.0546402445771,CO
2020,54.6106779921162,CO
2021,56.8645030803844,CO
2022,55.1315111410984,CO
2023,55.021819281908,CO
2024,53.6442939076866,CO
2025,52.0577534309624,CO
2026,50.5985333254591,CO
2027,49.3705761393502,CO
2003,29.2276703499079,HR
2004,32.1097261388501,HR
2005,32.7158372436279,HR
2006,30.8270772920014,HR
2007,29.8142149859599,HR
2008,30.0878115002707,HR
2009,36.9801550992245,HR
2010,44.8089385743913,HR
2011,52.5562250423613,HR
2012,57.6836933229326,HR
2013,64.8061793990266,HR
2014,68.8308732958934,HR
2015,70.0521167904428,HR
2016,67.807412860121,HR
2017,64.7233151159512,HR
2018,61.485589285029,HR
1999,44.3770397468042,CY
2000,43.0560924964606,CY
2001,41.9966716008724,CY
2002,45.3405826387135,CY
2003,46.9636287202323,CY
2004,48.5814425103201,CY
2005,48.5688350064767,CY
2006,45.5523090480685,CY
2007,38.6318305113782,CY
2008,37.9137751451898,CY
2009,44.4196054702978,CY
2010,47.8503238038321,CY
2011,52.3521688633035,CY
2012,67.2453525096962,CY
2013,78.9156927796209,CY
2014,90.6116969397942,CY
2015,90.8710166240767,CY
2016,86.1277814170699,CY
2017,78.6212108489378,CY
2018,52.4936727016985,CY
2019,46.8224546825497,CY
2020,56.20388659398,CY
2000,0.796760157717695,CZ
2001,1.65641383941692,CZ
2002,7.85233791976312,CZ
2003,13.6286007341368,CZ
2004,15.2190482809373,CZ
2005,13.3711001427136,CZ
2006,15.0989229033774,CZ
2007,13.8945307631778,CZ
2008,13.5537960750558,CZ
2009,19.8763377774181,CZ
2010,25.5057890690155,CZ
2011,26.7588027835305,CZ
2012,28.3121524747904,CZ
2013,28.9942022457698,CZ
2014,29.406346315011,CZ
2015,28.0831966598189,CZ
2016,24.9728729528591,CZ
2017,21.4555691804499,CZ
2018,19.6209746814267,CZ
2019,18.1315872552047,CZ
2020,23.6344491514188,CZ
2021,28.3409293250433,CZ
2022,29.8477071946247,CZ
2023,30.5733377958198,CZ
2024,30.7050259934381,CZ
2025,30.2059640983746,CZ
2026,29.6727873548975,CZ
2027,28.5002300587761,CZ
1996,50.9114688646574,DK
1997,49.2232549739165,DK
1998,46.5328034792961,DK
1999,42.8690291988617,DK
2000,39.5711543577527,DK
2001,34.9719946978767,DK
2002,36.4700568400989,DK
2003,35.2120165568007,DK
2004,31.7480986081028,DK
2005,25.3908144034331,DK
2006,16.1726486987743,DK
2007,11.3633409744164,DK
2008,7.84170705035332,DK
2009,11.4916124851421,DK
2010,15.0325855391109,DK
2011,15.118574613911,DK
2012,18.5395054992026,DK
2013,18.3031149772734,DK
2014,18.0764348249641,DK
2015,16.1705517109975,DK
2016,17.4961773101832,DK
2017,15.8121899168247,DK
2018,13.3604933176231,DK
2019,12.2781209313723,DK
2020,14.8047636443089,DK
2021,14.1635415228332,DK
2022,12.5906520385476,DK
2023,11.4908178836929,DK
2024,10.7910530288903,DK
2025,10.3862022959927,DK
2026,9.99037864098175,DK
2027,9.60565395490189,DK
2010,27.066185967323,DJ
2011,25.0694451393629,DJ
2012,25.0482950503128,DJ
2013,22.6921314175209,DJ
2014,24.4395709539614,DJ
2015,38.0114875426807,DJ
2016,43.7096743601128,DJ
2017,46.0488967687781,DJ
2018,45.5230052233566,DJ
2019,38.9492788260905,DJ
2020,39.8910991179848,DJ
2021,43.0751809842597,DJ
2022,49.1033572976445,DJ
2023,50.5681677688248,DJ
2024,50.7545874701327,DJ
2025,50.6577204118639,DJ
2026,48.9993035450725,DJ
2027,47.0949592819313,DJ
2002,19.1569145194608,DO
2003,46.5945750496282,DO
2004,31.6392027533579,DO
2005,32.2099410557802,DO
2006,29.9253178482895,DO
2007,26.0276665495074,DO
2008,27.9476619282972,DO
2009,29.8594412164576,DO
2010,30.1947211313517,DO
2011,31.8627941988787,DO
2012,36.3057626586353,DO
2013,39.047373574697,DO
2014,37.5527149607561,DO
2015,37.4650718567019,DO
2016,38.4997640720787,DO
2017,40.3031716353237,DO
2018,41.418517051882,DO
2019,43.3906041961039,DO
2020,57.487508855663,DO
2021,49.2622794766333,DO
2022,45.8327680928946,DO
2023,44.5298218624114,DO
2024,43.6214396301149,DO
2025,42.5665510582352,DO
2026,41.2464598066261,DO
2027,39.8763115828616,DO
1999,45.6474529893097,EG
2000,45.2912164160755,EG
2001,51.1913198694591,EG
2002,63.1248937858415,EG
2003,69.6275656821809,EG
2004,67.5401744492517,EG
2005,67.585771110118,EG
2006,67.8722469259275,EG
2007,61.3322799895201,EG
2008,52.8435069926914,EG
2009,55.8705091051391,EG
2010,57.0940988933837,EG
2011,61.2790635571591,EG
2012,63.4519615453514,EG
2013,73.7327456460976,EG
2014,77.0535211267606,EG
2015,79.3616760096567,EG
2016,86.2092345168672,EG
2017,91.2549279538905,EG
2018,84.8104746022446,EG
2019,78.4848837864753,EG
2020,83.7872416737831,EG
2021,88.5795931241129,EG
2022,89.065886330928,EG
2023,84.6607825242796,EG
2024,83.2814212219096,EG
2025,81.219134726352,EG
2026,78.674727044274,EG
2027,75.751625525659,EG
2001,25.47707495608,GQ
2002,19.4467113191632,GQ
2003,6.71313167653099,GQ
2004,4.52594376916448,GQ
2005,2.84887146557344,GQ
2006,1.22013283088083,GQ
2007,0.753865359872318,GQ
2008,0.488085866431436,GQ
2009,4.33699233551584,GQ
2010,7.89411109335307,GQ
2011,7.17042486207465,GQ
2012,7.09723961763199,GQ
2013,6.27205530105499,GQ
2014,12.5599332666227,GQ
2015,11.6913449788907,GQ
2016,25.790174822333,GQ
2017,30.696717699546,GQ
2018,29.8703236674,GQ
2019,31.6891283375436,GQ
2020,37.9006311745104,GQ
2021,28.4973575906596,GQ
2022,18.3343356391602,GQ
2023,15.3166578346991,GQ
2024,15.1498038885581,GQ
2025,13.6214253985506,GQ
2026,12.6416979808912,GQ
2027,10.8454004495018,GQ
1997,-0.280665044839437,EE
1998,-0.17726907176985,EE
1999,-0.262505673901134,EE
2000,-0.273832767574312,EE
2001,-2.32286208668297,EE
2002,-4.4077529408456,EE
2003,-7.36126581294128,EE
2004,-9.13835583233699,EE
2005,-9.7061958324187,EE
2006,-10.8564197766515,EE
2007,-10.4089119601886,EE
2008,-7.90043609155576,EE
2009,-9.52174731422474,EE
2010,-8.40778503639484,EE
2011,-6.72113208112848,EE
2012,-4.7843658622212,EE
2013,-4.36417746914723,EE
2014,-3.80332827386757,EE
2015,-2.02458683063703,EE
2016,-1.93168075998142,EE
2017,-1.81759975295412,EE
2018,-1.78443609185643,EE
2019,-2.19671725631024,EE
2020,3.04756708895855,EE
2021,4.55902119008783,EE
2022,8.48768512748824,EE
2023,12.1154235394579,EE
2024,14.7253269618865,EE
2025,16.6614213302702,EE
2026,17.9958424519962,EE
2027,18.7637334728486,EE
2002,16.2933330525268,SZ
2003,15.2302257600522,SZ
2004,11.5071906762178,SZ
2005,7.57894247378646,SZ
2006,5.18733642437946,SZ
2007,-1.21875056451168,SZ
2008,-7.21591624677627,SZ
2009,-3.63583788987913,SZ
2010,5.12624191212337,SZ
2011,7.66958239992837,SZ
2012,5.57753186599955,SZ
2013,4.07673156605467,SZ
2014,3.49743479803305,SZ
2015,10.9879439150575,SZ
2016,17.5091634634663,SZ
2017,21.0878812445333,SZ
2018,26.9783385310212,SZ
2019,33.0425716700091,SZ
2020,36.1028815177901,SZ
2021,35.8137420287856,SZ
2022,39.2607703925555,SZ
2023,38.4745079439615,SZ
2024,36.5817622206522,SZ
2025,35.5610414314946,SZ
2026,34.6408725867828,SZ
2027,33.3164483215977,SZ
1993,117.273055910404,ET
1994,129.087327769959,ET
1995,121.94509097546,ET
1996,110.480445690633,ET
1997,66.337341882707,ET
1998,73.6854929890433,ET
1999,80.7495166526667,ET
2000,80.2156219594431,ET
2001,81.8588859305416,ET
2002,95.2734264092251,ET
2003,92.6492000309717,ET
2004,96.4808693306184,ET
2005,70.0916814728526,ET
2006,57.8812554482034,ET
2007,31.4362278217561,ET
2008,27.3999155576491,ET
2009,25.9575642481989,ET
2010,34.7205187632892,ET
2011,39.1915394389336,ET
2012,34.2175569426143,ET
2013,38.53879724463,ET
2014,39.599084626626,ET
2015,45.9127675809845,ET
2016,47.8291203535527,ET
2017,51.3401243621485,ET
2018,54.798496787877,ET
2019,50.6659803639879,ET
2020,50.0817790185584,ET
2021,49.6241451469227,ET
2022,45.9173987631768,ET
2023,40.9625143359581,ET
2024,36.4358079123796,ET
2025,34.417010248548,ET
2026,33.6845236787448,ET
2027,32.6409808905358,ET
1992,31.8350427349693,U2
1993,32.1990186940854,U2
1994,34.2840813322717,U2
1995,49.1580560206626,U2
1996,53.0193462057953,U2
1997,53.2356642262348,U2
1998,57.7671879566381,U2
1999,57.7694606136046,U2
2000,54.9435430697883,U2
2001,54.7283461812262,U2
2002,54.8545290721967,U2
2003,56.3895341419515,U2
2004,56.9286299428132,U2
2005,57.4067241778168,U2
2006,55.696537618881,U2
2007,53.3455731327574,U2
2008,54.7902550112898,U2
2009,63.0278085747999,U2
2010,67.2318124918464,U2
2011,69.8045016808501,U2
2012,73.4721824755872,U2
2013,75.8633677331934,U2
2014,76.1474375587978,U2
2015,74.9836743953547,U2
2016,74.5163562887489,U2
2017,72.3907467750549,U2
2018,70.610896686962,U2
2019,69.1493692951682,U2
2020,79.6151658231671,U2
2021,79.2404535927694,U2
2022,79.2438590411613,U2
2023,78.0597043658751,U2
2024,77.278775394998,U2
2025,76.5464109226863,U2
2026,75.8604719713452,U2
2027,75.1249931633825,U2
1993,42.955260796694,FJ
1994,45.7064668280716,FJ
1995,46.8204447036931,FJ
1996,46.708134786761,FJ
1997,51.7614884917516,FJ
1998,33.8029671730666,FJ
1999,28.7314470004592,FJ
2000,34.9504028380736,FJ
2001,31.032578027765,FJ
2002,37.1197859516924,FJ
2003,41.5841786279953,FJ
2004,41.9033815507979,FJ
2005,41.9160082069659,FJ
2006,43.0838229128526,FJ
2007,42.5873357459528,FJ
2008,42.3262230675625,FJ
2009,47.0076671757167,FJ
2010,46.9677463306703,FJ
2011,43.3777991697954,FJ
2012,41.2461582248774,FJ
2013,39.647280048102,FJ
2014,38.7441830009652,FJ
2015,37.9534088576559,FJ
2016,43.2109508544488,FJ
2017,41.7984928461166,FJ
2018,44.3607625358351,FJ
2019,47.8174310474057,FJ
2020,66.4612591304968,FJ
2021,79.3419855235069,FJ
2022,82.6847418540774,FJ
2023,82.2211177355151,FJ
2024,79.4034395670833,FJ
2025,77.3820104900077,FJ
2026,75.933867053153,FJ
2027,74.2480120985136,FJ
1991,70.2756540329158,FI
1992,51.2448799976011,FI
1993,33.21705094418,FI
1994,33.6980686738378,FI
1995,8.35472709007702,FI
1996,12.4069629615117,FI
1997,15.29388937522,FI
1998,12.2350050633332,FI
1999,7.82013300135523,FI
2000,4.42019319564358,FI
2001,2.91644771413558,FI
2002,-0.313834300876851,FI
2003,0.966068969153016,FI
2004,-2.05218004761965,FI
2005,-4.72775628920316,FI
2006,-4.95092453888731,FI
2007,-5.17507109197346,FI
2008,-7.73891334002522,FI
2009,-4.73350316648968,FI
2010,3.16886623472571,FI
2011,5.03540439802422,FI
2012,9.43209458955317,FI
2013,12.8905007316918,FI
2014,17.18923280996,FI
2015,18.4316252368063,FI
2016,21.235801637944,FI
2017,21.8194753919881,FI
2018,24.4481860498325,FI
2019,26.9812217534146,FI
2020,33.2964978255846,FI
2021,34.1337662497523,FI
2022,35.1248003305992,FI
2023,35.2422493838645,FI
2024,35.5587321810201,FI
2025,35.8120242163636,FI
2026,35.9136213296811,FI
2027,36.0448613075924,FI
1991,28.3894594377046,FR
1992,31.3441310673315,FR
1993,35.9587886931301,FR
1994,41.8789999453938,FR
1995,46.1062504052868,FR
1996,49.3345662982146,FR
1997,50.2716245725288,FR
1998,50.5734168900566,FR
1999,50.4854036298384,FR
2000,49.6758725403004,FR
2001,49.5254193212846,FR
2002,51.2397745601069,FR
2003,55.0265964949291,FR
2004,56.6836402645745,FR
2005,58.881989688007,FR
2006,58.0093293242814,FR
2007,58.0469361684592,FR
2008,59.8128870998504,FR
2009,69.75235769889,FR
2010,73.6234199657293,FR
2011,76.4294448662995,FR
2012,79.9739946878692,FR
2013,82.9921183229272,FR
2014,85.46515549374,FR
2015,86.3479061440154,FR
2016,89.1846442170528,FR
2017,89.3767395859905,FR
2018,89.2393959986561,FR
2019,88.8397931417943,FR
2020,102.629366811753,FR
2021,99.8089186879242,FR
2022,100.058451251591,FR
2023,100.395566368784,FR
2024,100.595119138696,FR
2025,100.728378882063,FR
2026,101.047834188744,FR
2027,101.436931810461,FR
1996,44.3222579604243,DE
1997,45.5442979884252,DE
1998,46.9754569553519,DE
1999,47.9915318429895,DE
2000,44.8732391694996,DE
2001,46.0921317904388,DE
2002,48.6155896857314,DE
2003,52.3972110310775,DE
2004,54.9031610770292,DE
2005,57.4554146946873,DE
2006,56.2439415030104,DE
2007,53.4068932407833,DE
2008,53.1525354507577,DE
2009,60.0318514308611,DE
2010,61.9542583060365,DE
2011,60.0695362271492,DE
2012,59.3661917961906,DE
2013,58.4198694577338,DE
2014,54.8641299706569,DE
2015,52.1990099729692,DE
2016,49.3431672164199,DE
2017,45.4339242644988,DE
2018,42.6324134613672,DE
2019,40.4574546187398,DE
2020,46.2907862072242,DE
2021,49.0481765071612,DE
2022,51.0906845643711,DE
2023,49.0078802243771,DE
2024,47.4547602652249,DE
2025,45.7188644337477,DE
2026,43.9366606265293,DE
2027,42.2360708920515,DE
2002,56.4650987400274,GH
2003,52.1986021228471,GH
2004,38.7469078234712,GH
2005,30.9754697795036,GH
2006,15.492460627714,GH
2007,16.9145593517194,GH
2008,22.2114698240329,GH
2009,24.0764345899503,GH
2010,31.9554090469238,GH
2011,28.4784662400505,GH
2012,33.8019617179917,GH
2013,39.8978119109145,GH
2014,45.305544054745,GH
2015,49.8072521427426,GH
2016,50.9355712210929,GH
2017,51.8724398179495,GH
2018,60.709434168988,GH
2019,58.9684331215401,GH
2020,74.1032791352302,GH
2021,76.8113220298164,GH
2022,79.5758896709343,GH
2023,79.8465620863414,GH
2024,80.7180744491538,GH
2025,81.7302560402396,GH
2026,83.445511047177,GH
2027,82.3963429818645,GH
1998,95.0314228498717,GY
1999,83.2954189404637,GY
2000,81.879851170523,GY
2001,89.5634106685415,GY
2002,90.2674552884305,GY
2003,81.3096512917358,GY
2004,81.5030803874658,GY
2005,79.4418181517802,GY
2006,61.6482468843324,GY
2007,35.5935109500192,GY
2008,36.4359796244083,GY
2009,37.9561661931083,GY
2010,38.7313739507503,GY
2011,40.1362999389307,GY
2012,35.0227016536913,GY
2013,32.7681524542461,GY
2014,33.411550973622,GY
2015,38.208952239052,GY
2016,39.9813235778357,GY
2017,39.5356576450803,GY
2018,42.2691635858766,GY
2019,40.7570539880937,GY
2020,48.2186959479932,GY
2021,38.8410633951352,GY
2022,23.263661177959,GY
2023,19.1112233787456,GY
2024,19.2864787026607,GY
2025,18.90261427763,GY
2026,18.1773980742955,GY
2027,17.3796981101191,GY
2006,61.669520513792,HU
2007,62.7305455985632,HU
2008,63.2272889017728,HU
2009,71.6712063950983,HU
2010,72.5037812686033,HU
2011,72.4352692863439,HU
2012,70.7094722508737,HU
2013,71.1186190449151,HU
2014,70.4477631268146,HU
2015,70.5719183384252,HU
2016,67.8846133401484,HU
2017,65.1241510492962,HU
2018,62.0998490606478,HU
2019,58.5281617174091,HU
2020,73.0853919533076,HU
2021,71.1580574520936,HU
2022,68.9840262986763,HU
2023,66.511117940002,HU
2024,65.3224368404017,HU
2025,62.7409544892085,HU
2026,59.6491032453082,HU
2027,54.9201382416094,HU
1991,19.3307889191682,IS
1992,26.0492736118402,IS
1993,34.0200429942815,IS
1994,37.0115806383573,IS
1995,38.9067826116847,IS
1996,38.7826308354894,IS
1997,36.6169760452824,IS
1998,46.8660456375216,IS
1999,71.0457905648442,IS
2000,70.9597906311085,IS
2001,79.4661943443474,IS
2002,78.7073547661976,IS
2003,81.2557528917013,IS
2004,72.2922319282044,IS
2005,53.9078994598781,IS
2006,53.8685959879776,IS
2007,51.848585964042,IS
2008,89.0763544861209,IS
2009,111.314069003087,IS
2010,110.161532022937,IS
2011,104.550005127453,IS
2012,104.814756002322,IS
2013,99.1796547057934,IS
2014,88.1184455223451,IS
2015,78.0091983548896,IS
2016,67.6065342492365,IS
2017,60.1895790207191,IS
2018,50.6528772760879,IS
2019,54.0967164948166,IS
2020,60.7570311555606,IS
2021,59.8776802110485,IS
2022,55.6398411443413,IS
2023,52.0801962832303,IS
2024,50.2056487610192,IS
2025,48.0280552746425,IS
2026,45.4838226054538,IS
2027,42.6938141563251,IS
2009,21.2638605643468,ID
2010,19.6865375870667,ID
2011,17.7581588369893,ID
2012,18.570934738999,ID
2013,20.6381297077958,ID
2014,20.3774206017367,ID
2015,22.0434637657853,ID
2016,23.4512809921275,ID
2017,25.2851373991104,ID
2018,26.6582827169575,ID
2019,27.0353282798044,ID
2020,36.1425476334069,ID
2021,39.5367165870589,ID
2022,39.6935156488447,ID
2023,39.9260247450953,ID
2024,40.0166787215266,ID
2025,39.9304257147102,ID
2026,39.6856272388655,ID
2027,39.325271775776,ID
1997,34.4556818525666,IR
1998,31.6845149507985,IR
1999,22.9986260025377,IR
2000,16.5665137156673,IR
2001,12.7604193892541,IR
2002,16.4462609148415,IR
2003,15.2123330022888,IR
2004,14.460050000797,IR
2005,8.5660996180754,IR
2006,5.47780902818529,IR
2007,2.16953833218896,IR
2008,1.17321371403976,IR
2009,6.10578074906751,IR
2010,5.57382593823439,IR
2011,1.69520888887657,IR
2012,3.60450794959022,IR
2013,-3.38338274156841,IR
2014,-3.44200092145404,IR
2015,21.6427527122562,IR
2016,36.7946174663695,IR
2017,32.9495799656155,IR
2018,29.2979097271013,IR
2019,32.7345744934153,IR
2020,37.4160512188592,IR
2021,41.4552537977201,IR
2022,33.9549400380508,IR
2023,33.5956357208266,IR
2024,34.3185091723443,IR
2025,35.1616444885029,IR
2026,35.9984811062368,IR
2027,36.8800661561777,IR
1999,34.4601308316539,IE
2000,24.7861672319717,IE
2001,21.0454668315737,IE
2002,22.8263650936043,IE
2003,22.1905246021006,IE
2004,19.9360676825015,IE
2005,17.7382476248635,IE
2006,14.5865149581432,IE
2007,14.5791343177551,IE
2008,23.0036896034344,IE
2009,37.1689309162985,IE
2010,66.5903455363491,IE
2011,79.0317733057635,IE
2012,86.7767059989858,IE
2013,90.0533412109625,IE
2014,85.8645490268501,IE
2015,65.7454119276563,IE
2016,65.4070236763954,IE
2017,58.9475119979793,IE
2018,54.3368952466247,IE
2019,48.9766215552906,IE
2020,52.3645569891839,IE
2021,49.8574851634796,IE
2022,48.3477983880404,IE
2023,45.7834361792937,IE
2024,43.6835384498781,IE
2025,41.7169340110432,IE
2026,39.8452131169298,IE
2027,37.6971201262711,IE
2001,72.3,IL
2002,79.4,IL
2003,82.1,IL
2004,82.1,IL
2005,79,IL
2006,71.1,IL
2007,65.1,IL
2008,64.3,IL
2009,66.8,IL
2010,64.7,IL
2011,63.9,IL
2012,63.8,IL
2013,62.9,IL
2014,62.5,IL
2015,60.6,IL
2016,59,IL
2017,57.5,IL
2018,58.1,IL
2019,57.9,IL
2020,68.4,IL
2021,65.9828111350027,IL
2022,64.3706215688537,IL
2023,63.801366637837,IL
2024,63.2675826954505,IL
2025,62.7979627149037,IL
2026,62.3924558508834,IL
2027,62.0183178710523,IL
1991,99.1735477861289,IT
1992,106.271193017866,IT
1993,116.722707602599,IT
1994,122.736969448376,IT
1995,105.156930026319,IT
1996,109.543902121866,IT
1997,107.47831754791,IT
1998,105.548545603179,IT
1999,103.62890152653,IT
2000,99.6673413810407,IT
2001,99.8963299896177,IT
2002,97.8213068751995,IT
2003,97.7764282175361,IT
2004,97.1466323858601,IT
2005,97.5169318361368,IT
2006,97.8942955019267,IT
2007,95.6587030294023,IT
2008,97.2113923254518,IT
2009,106.388690231643,IT
2010,108.212171821267,IT
2011,109.45779727261,IT
2012,114.053420456931,IT
2013,119.175941714463,IT
2014,121.417655715695,IT
2015,122.236197069511,IT
2016,121.602902724754,IT
2017,121.290135339714,IT
2018,121.823289255004,IT
2019,121.697574464248,IT
2020,141.822821204387,IT
2021,138.268822245618,IT
2022,138.465590949046,IT
2023,137.101732499903,IT
2024,135.954537138508,IT
2025,134.820340394136,IT
2026,133.661913656273,IT
2027,132.552856561391,IT
1991,17.2517821799662,JP
1992,19.3564678087407,JP
1993,23.6271634981169,JP
1994,29.5810799463943,JP
1995,34.2946322153732,JP
1996,39.1216143042262,JP
1997,44.9230082570855,JP
1998,54.2112327499132,JP
1999,63.4032660076376,JP
2000,67.7691641497844,JP
2001,74.5714458221787,JP
2002,83.5051070710784,JP
2003,89.5337621376548,JP
2004,94.2045988596919,JP
2005,93.8683099365183,JP
2006,93.1413968864485,JP
2007,94.3746829114882,JP
2008,105.611550672781,JP
2009,120.304223717537,JP
2010,128.767358494224,JP
2011,139.808269753939,JP
2012,144.007850145502,JP
2013,142.929927741387,JP
2014,145.147222177783,JP
2015,144.590780144612,JP
2016,149.561874523068,JP
2017,148.108567946727,JP
2018,151.128657398062,JP
2019,151.371552497157,JP
2020,162.373935112423,JP
2021,168.867570786357,JP
2022,172.134833444318,JP
2023,170.994687959854,JP
2024,171.42024610133,JP
2025,172.09198348548,JP
2026,173.21631689904,JP
2027,174.495884238764,JP
1991,194.493905037754,JO
1992,145.358010298307,JO
1993,131.427120045982,JO
1994,118.328400174238,JO
1995,109.048982600422,JO
1996,104.413417752928,JO
1997,96.417567505299,JO
1998,105.734601464273,JO
1999,102.65181063479,JO
2000,87.3968325588028,JO
2001,90.8044793043941,JO
2002,91.1668760995649,JO
2003,87.8111073986949,JO
2004,78.566001177361,JO
2005,73.4769634771249,JO
2006,60.2005461199787,JO
2007,59.4008585106471,JO
2008,52.6914430991338,JO
2009,55.7652554230843,JO
2010,57.4646838624196,JO
2011,60.2653163612131,JO
2012,69.0516898537662,JO
2013,72.2283348405615,JO
2014,72.3440232132347,JO
2015,75.8086289092412,JO
2016,74.351960180619,JO
2017,73.6102462972789,JO
2018,73.9478956364145,JO
2019,77.2866625145089,JO
2020,87.880603097934,JO
2021,91.7093372260341,JO
2022,91.4537469351782,JO
2023,88.5544991889777,JO
2024,84.145284110205,JO
2025,79.6291776939609,JO
2026,75.4226655066924,JO
2027,72.5603633423792,JO
2003,3.57993798498693,KZ
2004,0.028454991627102,KZ
2005,-6.12942385815828,KZ
2006,-10.8550240814546,KZ
2007,-15.573870754308,KZ
2008,-13.9125129790902,KZ
2009,-11.0295038972977,KZ
2010,-10.2493916075694,KZ
2011,-12.7056614219855,KZ
2012,-15.940628359583,KZ
2013,-17.6040074385189,KZ
2014,-19.1403787166976,KZ
2015,-30.753844210952,KZ
2016,-23.7593832613385,KZ
2017,-15.7807057503469,KZ
2018,-15.7802118598984,KZ
2019,-13.9089075735893,KZ
2020,-8.62390835404815,KZ
2021,-3.45594593949379,KZ
2022,-4.85405341599119,KZ
2023,-3.75081589805728,KZ
2024,-3.76277213058487,KZ
2025,-3.7497781053117,KZ
2026,-3.50941117329816,KZ
2027,-2.94707662740831,KZ
1999,25.5458867230796,KE
2000,28.3693394411198,KE
2001,27.2217900315233,KE
2002,26.8214913364959,KE
2003,29.7470923153709,KE
2004,28.9705807534793,KE
2005,25.7551300478153,KE
2006,24.6804960503815,KE
2007,21.8139862297063,KE
2008,27.6208801208046,KE
2009,32.2280317075308,KE
2010,35.4336940293204,KE
2011,34.9659599005427,KE
2012,35.8776999662584,KE
2013,35.8188690874118,KE
2014,34.8372357573961,KE
2015,39.7058164755616,KE
2016,47.5379286788401,KE
2017,48.0586320278216,KE
2018,50.7842054109721,KE
2019,54.0536644858905,KE
2020,62.7914231280888,KE
2021,64.5079116065113,KE
2022,66.1494764861202,KE
2023,65.580865839402,KE
2024,64.2132038926696,KE
2025,62.6775027626883,KE
2026,61.2166029651945,KE
2027,59.9760621014421,KE
2004,21.7539766206724,KR
2005,24.4834601531279,KR
2006,26.4805051305114,KR
2007,25.6619606178146,KR
2008,25.7345832662604,KR
2009,28.6774178266223,KR
2010,27.9563450290607,KR
2011,31.545960958134,KR
2012,2.31614042609068,KR
2013,5.78504059649557,KR
2014,7.5181633719453,KR
2015,9.48923064703709,KR
2016,9.73420311773455,KR
2017,9.60585755530966,KR
2018,9.57798559315319,KR
2019,11.6809744538999,KR
2020,18.4447614443662,KR
2021,19.3256965068696,KR
2022,21.598721673556,KR
2023,22.8867644832899,KR
2024,24.6522096551085,KR
2025,26.3106256557977,KR
2026,27.8376797999913,KR
2027,29.3462246501465,KR
2001,10.4853480834077,LV
2002,9.42737583848627,LV
2003,8.78261692635675,LV
2004,8.86560994008951,LV
2005,8.26103266110512,LV
2006,5.90560160697908,LV
2007,4.12134796263926,LV
2008,7.83952336414191,LV
2009,18.6441194469034,LV
2010,28.7453301183078,LV
2011,32.5087751183525,LV
2012,30.6612533510524,LV
2013,30.5607364891923,LV
2014,30.2695240405868,LV
2015,31.3581942400914,LV
2016,31.1980089645313,LV
2017,30.4973897173459,LV
2018,28.7513767187997,LV
2019,28.2365741493029,LV
2020,33.4249499334891,LV
2021,37.9832313890792,LV
2022,40.3649687306071,LV
2023,38.8406649355268,LV
2024,36.685741510312,LV
2025,34.7238788633692,LV
2026,32.9255593323502,LV
2027,32.2338354840096,LV
2001,161.136592245487,LB
2002,157.75482367855,LB
2003,168.521421150475,LB
2004,164.082387610509,LB
2005,170.714660412874,LB
2006,178.353691512287,LB
2007,163.518801985436,LB
2008,149.67810120136,LB
2009,131.153377682001,LB
2010,127.568338682403,LB
2011,128.753555407875,LB
2012,123.665341046035,LB
2013,126.012500707054,LB
2014,129.915519356128,LB
2015,134.039536794128,LB
2016,140.032787308472,LB
2017,143.595357458296,LB
2018,149.74858692652,LB
2019,165.943321442727,LB
2020,132.63967265472,LB
2001,0.109226753376709,LS
2002,0.109009107504811,LS
2003,20.8381215901236,LS
2004,13.4494578001636,LS
2005,16.8033642081685,LS
2006,5.47748779087824,LS
2007,-2.98454764825429,LS
2008,-10.6051676154766,LS
2009,-16.9970425892534,LS
2010,-4.40017248826462,LS
2011,2.04484489568434,LS
2012,-3.11007873255971,LS
2013,-2.27927253759432,LS
2014,-4.26460563829249,LS
2015,1.14989901440662,LS
2016,6.17016123674365,LS
2017,8.58759756856164,LS
2018,16.0025419012865,LS
2019,16.6903874953404,LS
2020,18.7009906357637,LS
2021,17.7587845863874,LS
2022,20.7438286168701,LS
2023,22.0973549068084,LS
2024,22.0741018449518,LS
2025,21.1648575256733,LS
2026,19.7890297498091,LS
2027,18.4980419515362,LS
2001,455.846927731163,LR
2002,446.990905535144,LR
2003,604.298801484707,LR
2004,490.737360156705,LR
2005,476.169865955664,LR
2006,410.792705460176,LR
2007,312.358544317512,LR
2008,184.962707571672,LR
2009,102.471605111563,LR
2010,15.7456532923075,LR
2011,15.9490171833446,LR
2012,14.2074074149828,LR
2013,14.6201356025679,LR
2014,16.6129935912027,LR
2015,15.2456823989726,LR
2016,24.3980505385787,LR
2017,27.71879417185,LR
2018,30.7665035084732,LR
2019,43.6447760051065,LR
2020,52.8177834722296,LR
2021,48.3095818449571,LR
2022,47.3811626102518,LR
2023,47.6584284173932,LR
2024,46.9340679045474,LR
2025,44.9719803871797,LR
2026,43.5763735357994,LR
2027,41.9592375782522,LR
1999,14.3011489064826,LT
2000,10.7385667420645,LT
2001,11.7112929392678,LT
2002,11.593753293287,LT
2003,10.3571432861459,LT
2004,10.4978786697915,LT
2005,10.1010438512869,LT
2006,7.88793637463467,LT
2007,8.26298718085711,LT
2008,10.0654011022658,LT
2009,19.798424365452,LT
2010,26.2990272491519,LT
2011,33.0697955117316,LT
2012,33.357944579799,LT
2013,34.0697696320734,LT
2014,32.5395516288377,LT
2015,35.4452052043475,LT
2016,32.9470119491179,LT
2017,32.9462606708723,LT
2018,27.7258386283143,LT
2019,30.3343232384839,LT
2020,41.121738094132,LT
2021,38.1179394406754,LT
2022,35.7651627248503,LT
2023,35.3091736394883,LT
2024,34.9144222866706,LT
2025,34.8038460517247,LT
2026,34.4315843462759,LT
2027,34.0579077514235,LT
2003,-32.5231057833089,LU
2004,-29.5274110126501,LU
2005,-25.5301161450542,LU
2006,-24.7438185808339,LU
2007,-25.8093396171278,LU
2008,-21.8962449012237,LU
2009,-19.1356364930718,LU
2010,-12.9149794706469,LU
2011,-11.1940870962065,LU
2012,-10.30709578689,LU
2013,-8.95314139058347,LU
2014,-10.8695862046328,LU
2015,-12.1101022488844,LU
2016,-11.6995801309422,LU
2017,-11.4121512084678,LU
2018,-11.1811511489788,LU
2019,-8.5381976617159,LU
2020,-5.35166790976797,LU
2021,-1.27793653283502,LU
2022,0.59643899649733,LU
2023,2.07370311699119,LU
2024,3.1374575011283,LU
2025,4.19223795296485,LU
2026,5.26770005579678,LU
2027,6.37158101794743,LU
2001,78.4687321477138,ML
2002,42.9075652137515,ML
2003,37.3927232246841,ML
2004,36.9237450622192,ML
2005,42.065419302913,ML
2006,13.1206845475107,ML
2007,13.183558486168,ML
2008,15.1332537944306,ML
2009,12.4985428314968,ML
2010,17.2859578963771,ML
2011,17.5022193191332,ML
2012,21.3286962383453,ML
2013,20.2180318361344,ML
2014,19.6580384078475,ML
2015,23.1486723773702,ML
2016,29.9840479778252,ML
2017,31.0984288741778,ML
2018,34.0886072808659,ML
2019,34.5578787426399,ML
2020,40.7207379472758,ML
2021,44.8818691009384,ML
2022,43.4422963427503,ML
2023,41.0491509295826,ML
2024,39.0407689699355,ML
2025,37.7271137208589,ML
2026,37.0661216098894,ML
2027,36.918662567023,ML
2005,61.5689907046621,MT
2006,55.7782403600368,MT
2007,52.5795225340687,MT
2008,53.3385239914593,MT
2009,56.1533531299863,MT
2010,55.3698433816465,MT
2011,57.4083867395624,MT
2012,56.3870263400168,MT
2013,56.7384724605993,MT
2014,52.2482708751114,MT
2015,47.5236352760058,MT
2016,41.677694896088,MT
2017,35.3844805162432,MT
2018,32.4693992640187,MT
2019,29.4853452763557,MT
2020,43.1826755969261,MT
2001,121.312787838494,MR
2002,107.480262608316,MR
2003,95.6509916523308,MR
2004,93.4297574549636,MR
2005,81.3387174824175,MR
2006,45.1965244063065,MR
2007,39.9989361332632,MR
2008,39.9405908664405,MR
2009,47.7479834364678,MR
2010,43.3054845311802,MR
2011,37.6355803244945,MR
2012,37.904952658763,MR
2013,38.6858181040761,MR
2014,47.0178455450819,MR
2015,57.45072767858,MR
2016,55.7231412737798,MR
2017,53.6730344911749,MR
2018,56.5213067997953,MR
2019,55.7556726063545,MR
2020,58.1175582792931,MR
2021,53.7801186756347,MR
2022,54.559267544539,MR
2023,54.2227454880796,MR
2024,48.2670684781834,MR
2025,45.297407162308,MR
2026,43.7071614254985,MR
2027,39.2173750354201,MR
1999,37.4363112660044,MX
2000,34.0854403009524,MX
2001,33.9694607852146,MX
2002,36.6695044920908,MX
2003,35.2627990517352,MX
2004,32.8717754118104,MX
2005,31.1023473750854,MX
2006,29.49345949608,MX
2007,28.8112027818304,MX
2008,32.8914941879909,MX
2009,36.0301624478279,MX
2010,36.0098363587132,MX
2011,37.1658743205664,MX
2012,37.2419867618568,MX
2013,39.9596935874364,MX
2014,42.5870958178798,MX
2015,46.4848878685832,MX
2016,48.6731166599639,MX
2017,45.7360971121458,MX
2018,44.8539137396985,MX
2019,44.4865996471609,MX
2020,51.7449536253976,MX
2021,49.950997182525,MX
2022,50.7255303788322,MX
2023,51.1899752087638,MX
2024,51.535814110709,MX
2025,51.8607914880073,MX
2026,52.1613017647842,MX
2027,52.4470280432349,MX
1997,73.3320321591222,MA
1998,69.6186375601676,MA
1999,68.4418986842284,MA
2000,69.9967771890977,MA
2001,62.9501790417817,MA
2002,61.7933416241085,MA
2003,58.8531681015036,MA
2004,55.9658084545318,MA
2005,56.7461470431473,MA
2006,52.3816740811718,MA
2007,49.4757838365811,MA
2008,44.7337838720401,MA
2009,45.451840090785,MA
2010,48.4927937225881,MA
2011,52.1368284231651,MA
2012,56.0073730592677,MA
2013,61.2161826089531,MA
2014,62.8380492344009,MA
2015,63.0853067896958,MA
2016,64.3917795613292,MA
2017,64.759016711095,MA
2018,64.9378582965494,MA
2019,64.5274570679646,MA
2020,75.7347259327558,MA
2021,75.7372134918819,MA
2022,76.5659849498895,MA
2023,76.9172242694073,MA
2024,77.4478853747005,MA
2025,77.2527518507085,MA
2026,76.5848921783098,MA
2027,75.8469213370701,MA
1994,16.2753958544158,NA
1995,18.4995036082217,NA
1996,19.3332104709124,NA
1997,18.2732245611104,NA
1998,21.2789616076909,NA
1999,22.4732971638377,NA
2000,19.1747596437419,NA
2001,22.7860759388168,NA
2002,19.7028216411304,NA
2003,25.9164136050032,NA
2004,27.5069005027707,NA
2005,25.020997371979,NA
2006,20.2111709177063,NA
2007,11.0400218429345,NA
2008,8.69294249557329,NA
2009,8.98557702898275,NA
2010,13.3814567831196,NA
2011,21.6888186462145,NA
2012,18.7192854486375,NA
2013,23.2494790407084,NA
2014,26.887186442853,NA
2015,36.6760429034511,NA
2016,42.6853844047148,NA
2017,41.390097384821,NA
2018,47.4214207166144,NA
2019,55.1505210876746,NA
2020,64.2720144173561,NA
2021,68.7953444886239,NA
2022,68.3788909938744,NA
2023,67.0016359797695,NA
2024,66.3513210568182,NA
2025,66.0587476105319,NA
2026,65.3673561066821,NA
2027,64.4218842336187,NA
1996,54.072397533551,NL
1997,50.8009841591563,NL
1998,47.7723531873344,NL
1999,44.5244946466758,NL
2000,38.733028470798,NL
2001,37.2401069973707,NL
2002,37.3720160355352,NL
2003,39.001774536378,NL
2004,39.7493982459389,NL
2005,38.0222297656671,NL
2006,35.6604954956496,NL
2007,32.9896474312386,NL
2008,38.4003040800497,NL
2009,41.0831858293777,NL
2010,45.9640136611039,NL
2011,48.7581474231924,NL
2012,52.392620749013,NL
2013,54.013623776048,NL
2014,55.2346774673894,NL
2015,53.2685128288368,NL
2016,51.5088157190716,NL
2017,46.6215355769726,NL
2018,42.9261594019848,NL
2019,41.8910624909753,NL
2020,43.1951850647277,NL
2021,46.4617221036604,NL
2022,45.2845049222245,NL
2023,44.8481714903072,NL
2024,44.7940673935936,NL
2025,44.6368109462973,NL
2026,44.2796632773354,NL
2027,43.4924596511285,NL
1991,67.4338099859652,NZ
1992,70.9799152885506,NZ
1993,63.2772175844336,NZ
1994,52.5548741868089,NZ
1995,42.7358086924455,NZ
1996,35.5872287228562,NZ
1997,32.0960431104199,NZ
1998,31.2119211230138,NZ
1999,29.0683889706533,NZ
2000,30.2902648733711,NZ
2001,27.0966514128275,NZ
2002,23.1755424985227,NZ
2003,18.4422638603333,NZ
2004,12.8824409021692,NZ
2005,7.50180403716279,NZ
2006,2.84244506388746,NZ
2007,-0.749437300790289,NZ
2008,-2.18192082343626,NZ
2009,-1.02102509042769,NZ
2010,2.49513724867514,NZ
2011,6.59126882576511,NZ
2012,8.52197995591041,NZ
2013,8.6126237515236,NZ
2014,7.93579961976239,NZ
2015,7.34316580778201,NZ
2016,6.63247318280699,NZ
2017,5.552859352469,NZ
2018,4.71822189323693,NZ
2019,6.85225508358352,NZ
2020,10.2358548775221,NZ
2021,15.0391960683243,NZ
2022,19.9841018213976,NZ
2023,21.3442711561629,NZ
2024,21.1396691333422,NZ
2025,19.8762622470412,NZ
2026,18.01711287236,NZ
2027,16.4482141632443,NZ
1996,63.5065192387858,NE
1997,69.099979471632,NE
1998,61.2826436735949,NE
1999,63.3467027454036,NE
2000,82.103324703558,NE
2001,71.0823901596067,NE
2002,65.9640045713975,NE
2003,57.7777760934628,NE
2004,53.443762432738,NE
2005,47.6142506114911,NE
2006,15.9374693233471,NE
2007,13.4257867010608,NE
2008,8.05426281994129,NE
2009,12.5999536792781,NE
2010,12.0662115458861,NE
2011,12.0266533780751,NE
2012,14.4308760517018,NE
2013,15.305201701423,NE
2014,17.2184231822335,NE
2015,25.8895216754139,NE
2016,29.4646179544989,NE
2017,32.3366476295248,NE
2018,34.0127362393682,NE
2019,35.9347789038653,NE
2020,41.0309887703172,NE
2021,47.464517898662,NE
2022,48.6975434122886,NE
2023,48.3845791708911,NE
2024,45.2879433865447,NE
2025,41.9337830819251,NE
2026,41.2684743338283,NE
2027,41.0322850914939,NE
2009,5.32462944100633,NG
2010,6.45453581109852,NG
2011,12.4546369036056,NG
2012,10.6715819869423,NG
2013,11.4459432897739,NG
2014,13.7680060457518,NG
2015,15.8781713479994,NG
2016,19.002288335695,NG
2017,20.9380197140905,NG
2018,23.4922001696988,NG
2019,25.4504163008656,NG
2020,34.0529747988796,NG
2021,36.5622991462389,NG
2022,36.8170002747682,NG
2023,38.2725389437579,NG
2024,39.7545525508145,NG
2025,41.1876332700409,NG
2026,42.5547635036506,NG
2027,43.8438352327394,NG
2000,38.8147691680662,MK
2001,35.2627575886811,MK
2002,33.7898361826584,MK
2003,32.6371048384402,MK
2004,30.6625172449294,MK
2005,29.5966545826526,MK
2006,22.313047244992,MK
2007,19.8200349168953,MK
2008,18.5931815375613,MK
2009,21.0121900224234,MK
2010,21.6964056789265,MK
2011,26.0719339842912,MK
2012,29.4910702833087,MK
2013,30.2309169488913,MK
2014,33.7038974331152,MK
2015,36.1571751919569,MK
2016,37.1163003687635,MK
2017,38.7450064339055,MK
2018,39.1783958436552,MK
2019,39.8359630034501,MK
2020,51.1116758685965,MK
2021,52.3319169353059,MK
2022,54.3360046817102,MK
2023,54.5382131054369,MK
2024,54.7472809286597,MK
2025,54.616725545869,MK
2026,54.3523638665873,MK
2027,54.048900357481,MK
1991,-11.7656565301823,NO
1992,-11.0191486519183,NO
1993,-10.1590455169071,NO
1994,-9.62206221931384,NO
1995,-12.7937238239646,NO
1996,-14.0993684891627,NO
1997,-16.0445521438554,NO
1998,-17.7713698331364,NO
1999,-18.7049842836029,NO
2000,-21.4155394736493,NO
2001,-29.809084545533,NO
2002,-29.5494117330525,NO
2003,-33.83194527159,NO
2004,-38.821493869951,NO
2005,-44.8402929265367,NO
2006,-52.7002015958013,NO
2007,-50.409140093091,NO
2008,-48.3212515405101,NO
2009,-43.1070698103053,NO
2010,-46.5977536379805,NO
2011,-47.4486363113894,NO
2012,-49.0190627495527,NO
2013,-60.1372937955681,NO
2014,-74.6189045260241,NO
2015,-85.5733923722538,NO
2016,-84.1991409061155,NO
2017,-79.268655348606,NO
2018,-71.37316750612,NO
2019,-74.8965619040243,NO
2020,-80.1577762601971,NO
2021,-76.9545579365918,NO
2022,-67.0004236253445,NO
2023,-75.812471070725,NO
2024,-80.8722871285572,NO
2025,-85.3234342445444,NO
2026,-89.0151919488216,NO
2027,-90.9531289937795,NO
1991,-12.8691065859475,OM
1992,-10.9555128553228,OM
1993,-3.53901078313006,OM
1994,5.27574891286844,OM
1995,6.02980912362688,OM
1996,6.73383326807507,OM
1997,3.18867887347073,OM
1998,14.2448502204196,OM
1999,15.0472483792812,OM
2000,-0.222652266692817,OM
2001,-2.77108895483856,OM
2002,-7.24170981200185,OM
2003,-13.091439733921,OM
2004,-13.2195860048211,OM
2005,-22.7192622734499,OM
2006,-24.8393859118016,OM
2007,-32.0152917062528,OM
2008,-26.4138668485347,OM
2009,-32.9229582864741,OM
2010,-30.4169166085406,OM
2011,-30.428505458648,OM
2012,-29.2533341154841,OM
2013,-44.1768730234268,OM
2014,-44.9277050231616,OM
2015,-42.2180116605974,OM
2016,-27.7960702696477,OM
2017,-11.9322598351808,OM
2018,7.29656961810762,OM
2019,12.8772342396587,OM
2020,29.0490117159458,OM
2021,26.526671801721,OM
2022,14.5232772898644,OM
2023,8.20307147207915,OM
2024,2.84313703235814,OM
2025,-1.60376547937676,OM
2026,-5.51466507160519,OM
2027,-8.85803379374972,OM
2002,64.5659274421007,PK
2003,58.9714951957016,PK
2004,52.9528723886811,PK
2005,48.3396478077714,PK
2006,43.7513990317129,PK
2007,42.2046741549103,PK
2008,47.9016933907053,PK
2009,49.2775631479484,PK
2010,50.9296581445251,PK
2011,50.1022471740024,PK
2012,53.1527570186754,PK
2013,54.5865799314158,PK
2014,52.2201275633189,PK
2015,52.5071430482961,PK
2016,55.1449777241382,PK
2017,55.8682060718744,PK
2018,59.8976026724416,PK
2019,70.2277447613604,PK
2020,72.9307080526538,PK
2021,66.3951003232477,PK
2022,65.3831134735334,PK
2023,61.7374249431771,PK
2024,59.8749895861878,PK
2025,58.4238726354004,PK
2026,56.509029902975,PK
2027,54.587763125373,PK
1995,60.1195832251852,PA
1996,50.9957803078607,PA
1997,47.1998534476609,PA
1998,45.5879396140815,PA
1999,43.2444042679284,PA
2000,42.0189495998347,PA
2001,45.3404551003697,PA
2002,44.6814377961934,PA
2003,35.9689293941456,PA
2004,42.2659925029145,PA
2005,42.4049194221762,PA
2006,40.0340308286245,PA
2007,31.606337718817,PA
2008,25.920972986176,PA
2009,22.6951296542491,PA
2010,25.7496919694112,PA
2011,22.9721508459999,PA
2012,21.5939637723323,PA
2013,20.3233262739809,PA
2014,19.7809315172208,PA
2015,20.2375374252353,PA
2016,20.4657936967602,PA
2017,23.0567565671635,PA
2018,26.0469239167299,PA
2019,28.8592733578671,PA
2020,43.1600218899909,PA
2021,40.8013596988707,PA
2022,40.8258949481214,PA
2023,40.577757669582,PA
2024,39.7366097227029,PA
2025,38.5833303782316,PA
2026,37.4843525729079,PA
2027,36.4856375217654,PA
2001,38.2666957592029,PY
2002,52.7553080701258,PY
2003,38.0520216986644,PY
2004,28.1954577645538,PY
2005,22.4080171541337,PY
2006,16.2450515995671,PY
2007,12.4499911310336,PY
2008,11.098201878239,PY
2009,9.87703635972163,PY
2010,7.50842568241808,PY
2011,5.97130629364552,PY
2012,8.799548432287,PY
2013,9.91397598126179,PY
2014,10.9326211911987,PY
2015,14.757736241176,PY
2016,15.5874418475087,PY
2017,15.9514801043576,PY
2018,18.4363847129533,PY
2019,22.6770711865929,PY
2020,32.2465601817328,PY
2021,32.6653129508243,PY
2022,35.4690894020315,PY
2023,35.3843864570401,PY
2024,35.2653840029968,PY
2025,34.7572809758954,PY
2026,34.3252582364317,PY
2027,33.7640036646081,PY
2001,37.0601224252504,PE
2002,38.1276690771721,PE
2003,38.6724584338711,PE
2004,34.9582133873859,PE
2005,31.9660492141643,PE
2006,24.0912452394004,PE
2007,16.7431051977991,PE
2008,12.9959452134815,PE
2009,12.1986717309032,PE
2010,10.2464522297993,PE
2011,6.07458178883635,PE
2012,2.78873498817572,PE
2013,1.50275188547608,PE
2014,2.68546580207075,PE
2015,5.30745074929122,PE
2016,6.95496754636675,PE
2017,8.72713776788106,PE
2018,10.2255082488473,PE
2019,11.1958299511573,PE
2020,20.3720987152657,PE
2021,19.3527663441688,PE
2022,20.0638715380744,PE
2023,20.9374048049538,PE
2024,21.2610018095875,PE
2025,21.0434987986049,PE
2026,20.6065490381942,PE
2027,19.9792232889244,PE
1996,39.0924811011402,PL
1997,39.1378783181403,PL
1998,35.2840068852521,PL
1999,35.5065936039814,PL
2000,32.2823282209375,PL
2001,32.17594297441,PL
2002,36.3667009392477,PL
2003,41.5856845541668,PL
2004,39.5175607108199,PL
2005,40.4947692670513,PL
2006,41.3543122074029,PL
2007,37.0630735066144,PL
2008,39.4383568761829,PL
2009,43.2404814928596,PL
2010,47.6298231287627,PL
2011,48.9222401540251,PL
2012,48.4872145756449,PL
2013,51.7227569236106,PL
2014,45.1283925461953,PL
2015,46.380344677047,PL
2016,47.6201387635265,PL
2017,44.2638297675596,PL
2018,41.5960462962308,PL
2019,38.333650284997,PL
2020,45.3222897320683,PL
2021,43.4220014850229,PL
2022,41.1694184607145,PL
2023,37.1028510998573,PL
2024,37.2157131462777,PL
2025,37.5002220911095,PL
2026,37.9110292859789,PL
2027,38.4929491134269,PL
1996,50.5725393104091,PT
1997,46.2401874702558,PT
1998,42.718049022302,PT
1999,41.5690871405722,PT
2000,41.4945352744433,PT
2001,44.3748522372659,PT
2002,46.3297468611938,PT
2003,49.9781608266846,PT
2004,53.5946518978196,PT
2005,58.1768711601884,PT
2006,59.4248540241693,PT
2007,60.5399052714935,PT
2008,64.0528020137949,PT
2009,76.0574683150424,PT
2010,82.2186115976567,PT
2011,103.838356534667,PT
2012,117.065033191599,PT
2013,118.909534330876,PT
2014,120.649717399859,PT
2015,121.047980894002,PT
2016,119.430017084044,PT
2017,115.994316833472,PT
2018,113.369109317384,PT
2019,109.840200359464,PT
2020,123.224439307803,PT
2021,119.524855222813,PT
2022,114.151885726613,PT
2023,110.711237559935,PT
2024,107.165332943432,PT
2025,103.888477298479,PT
2026,100.967041276203,PT
2027,98.3609115011303,PT
2001,16.26850859603,RO
2002,16.084053811777,RO
2003,15.3597064573546,RO
2004,10.6923870082877,RO
2005,8.11028582045925,RO
2006,3.81885304872819,RO
2007,5.12884342660676,RO
2008,8.03644116179289,RO
2009,15.2771963689954,RO
2010,22.7476407932043,RO
2011,27.2265002462918,RO
2012,29.077903295223,RO
2013,28.4169291734164,RO
2014,28.3195110555575,RO
2015,28.28470741993,RO
2016,26.3571698396849,RO
2017,25.6967504161636,RO
2018,26.4915723938077,RO
2019,28.7000504734209,RO
2020,40.1978009956435,RO
2021,42.2360584538169,RO
2022,47.0486496428554,RO
2023,49.8323307860284,RO
2024,52.7850493020684,RO
2025,55.5248173864757,RO
2026,58.0273932580419,RO
2027,60.0064748816172,RO
1992,46.1088910973729,SA
1993,56.5258892019503,SA
1994,65.4688937904107,SA
1995,71.621486060778,SA
1996,72.5460849054828,SA
1997,73.9910659495278,SA
1998,97.9321906755973,SA
1999,99.3487419422158,SA
2000,83.6352277188435,SA
2001,91.3013003300426,SA
2002,93.5792269145356,SA
2003,78.7058285286391,SA
2004,56.6842238973332,SA
2005,22.3114616772738,SA
2006,6.08427542223082,SA
2007,-10.2956393437365,SA
2008,-37.9233002451729,SA
2009,-38.3184452600741,SA
2010,-36.9118598853582,SA
2011,-36.9916711194627,SA
2012,-47.1203196339587,SA
2013,-50.8688211109201,SA
2014,-47.0557209110134,SA
2015,-35.9078594651832,SA
2016,-17.1153182998099,SA
2017,-7.67880399612888,SA
2018,-0.0839927515431056,SA
2019,4.92593314022845,SA
2020,15.8226953070352,SA
2021,17.6949226720516,SA
2022,8.64687887463479,SA
2023,4.05355287379569,SA
2024,-0.332742966038841,SA
2025,-4.61756725579551,SA
2026,-8.97784768525107,SA
2027,-13.2496155682153,SA
2001,104.456601161566,RS
2002,72.5580782400475,RS
2003,67.9201993677073,RS
2004,58.5815544276483,RS
2005,46.6955566515058,RS
2006,30.522408452153,RS
2007,25.1658971753344,RS
2008,27.1852713397497,RS
2009,29.047520659466,RS
2010,36.7100094033338,RS
2011,38.6610711874217,RS
2012,48.6111801206499,RS
2013,49.8087375873254,RS
2014,63.3962382650355,RS
2015,67.9557725967425,RS
2016,66.4138303343756,RS
2017,56.5131978124052,RS
2018,52.3361665878186,RS
2019,48.8460456243759,RS
2020,54.1159955332544,RS
2021,52.8906307494483,RS
2022,52.3313512589767,RS
2023,49.1105929126738,RS
2024,45.7720075115365,RS
2025,43.4591993523511,RS
2026,41.2833128581079,RS
2027,39.3577480987992,RS
2002,187.460999410841,SC
2003,169.823935766012,SC
2004,154.596410584529,SC
2005,137.290287234198,SC
2006,125.919861099952,SC
2007,140.004075581091,SC
2008,188.184074845242,SC
2009,101.809058231057,SC
2010,76.1377775485083,SC
2011,77.4303958295645,SC
2012,67.5650611369686,SC
2013,56.3709044734978,SC
2014,53.5843392019205,SC
2015,47.7827308547945,SC
2016,48.7572104673285,SC
2017,46.3071754969655,SC
2018,43.0389832910958,SC
2019,43.0204380569415,SC
2020,80.514746778054,SC
2021,62.0798649621811,SC
2022,68.9413454684484,SC
2023,65.7770551827111,SC
2024,63.1231989806119,SC
2025,59.54234811924,SC
2026,55.4475333461348,SC
2027,51.3854206736207,SC
2000,44.803244359798,SK
2001,45.3699204143691,SK
2002,31.6141389517674,SK
2003,30.0427197947907,SK
2004,30.2058247717389,SK
2005,28.9008570743795,SK
2006,26.5784267629499,SK
2007,24.026097391844,SK
2008,23.0286993096712,SK
2009,32.2265993712507,SK
2010,37.3048613626598,SK
2011,41.1484548661024,SK
2012,45.3433058152273,SK
2013,47.828709126272,SK
2014,49.5791917912571,SK
2015,47.4836242830727,SK
2016,47.0776728030395,SK
2017,45.9055123705041,SK
2018,43.603440005099,SK
2019,43.2898697581344,SK
2020,49.6402010443184,SK
2021,54.3173438198505,SK
2022,55.388653263574,SK
2023,53.4119193213404,SK
2024,52.5980275511872,SK
2025,51.978208960006,SK
2026,51.88309995324,SK
2027,51.9054490468739,SK
1996,10.5669572662238,SI
1997,11.6568496368301,SI
1998,11.9907763259032,SI
1999,13.3601523225709,SI
2000,16.328435792712,SI
2001,17.6841926072339,SI
2002,16.5338213999074,SI
2003,18.8288896784093,SI
2004,19.6545558523538,SI
2005,19.8519587133117,SI
2006,19.0321699120443,SI
2007,15.1498994967711,SI
2008,13.7755828486149,SI
2009,21.0413517658351,SI
2010,26.6973564441658,SI
2011,32.2560276319873,SI
2012,36.558804626363,SI
2013,45.2074372366573,SI
2014,46.4734204526734,SI
2015,50.3246895309182,SI
2016,52.2215161547953,SI
2017,51.9119394205709,SI
2018,45.8244120686723,SI
2019,42.7383628669664,SI
2020,49.4526578285519,SI
2021,48.5535755478662,SI
2022,46.4136602588832,SI
2023,45.5507526479082,SI
2024,44.8131752578659,SI
2025,44.0873702504887,SI
2026,43.506437207009,SI
2027,43.0973976508523,SI
2004,43.9414123647955,SB
2005,38.4429308686168,SB
2006,34.1424272129575,SB
2007,28.5352441341223,SB
2008,16.73357825105,SB
2009,22.8430656695786,SB
2010,7.94347978355694,SB
2011,-0.193880134186804,SB
2012,-2.82008753499014,SB
2013,-5.54557286013345,SB
2014,-8.77287322519447,SB
2015,-7.08659557296079,SB
2016,-5.71363941807877,SB
2017,-2.99360904432786,SB
2018,-3.53711525870204,SB
2019,-2.80518202038902,SB
2020,2.16196246969345,SB
2021,6.72061547894321,SB
2022,12.8379939383001,SB
2023,15.7699897870036,SB
2024,18.7216470602043,SB
2025,21.7558938344919,SB
2026,24.9617792956488,SB
2027,27.7731212160367,SB
2001,37.7045104950645,ZA
2002,31.394013276897,ZA
2003,30.9156515483846,ZA
2004,30.0168722855597,ZA
2005,25.830157866086,ZA
2006,23.1780905270913,ZA
2007,19.9198773059991,ZA
2008,20.1376840755834,ZA
2009,23.4705530577487,ZA
2010,26.4077944425554,ZA
2011,29.0618076630718,ZA
2012,32.4260280367936,ZA
2013,35.2477400920377,ZA
2014,38.122337091633,ZA
2015,41.0496035439796,ZA
2016,42.083009861216,ZA
2017,43.7779516367147,ZA
2018,46.6396958362264,ZA
2019,50.7778987999183,ZA
2020,62.581761704016,ZA
2021,63.3415965584891,ZA
2022,66.9348650969403,ZA
2023,70.8466932508069,ZA
2024,74.4521976173212,ZA
2025,78.1510750570429,ZA
2026,81.9971340096752,ZA
2027,86.091954428952,ZA
1991,29.8808982033956,ES
1992,32.355302928411,ES
1993,37.1173400706831,ES
1994,42.5526793062323,ES
1995,53.6844793767923,ES
1996,57.2819208830933,ES
1997,57.1350928213764,ES
1998,54.6659554642772,ES
1999,51.1805556346641,ES
2000,47.2584339608953,ES
2001,44.458135102633,ES
2002,41.030687797511,ES
2003,38.5535510666038,ES
2004,35.8835993795939,ES
2005,31.8235679463249,ES
2006,26.7951790305661,ES
2007,22.4434405446943,ES
2008,25.42411366502,ES
2009,36.6005741950748,ES
2010,45.9916463831291,ES
2011,56.3852250924313,ES
2012,71.7593937148615,ES
2013,80.8381984381799,ES
2014,85.1979295805487,ES
2015,84.9323040302898,ES
2016,86.0678333512892,ES
2017,85.0657895438979,ES
2018,83.6731018010254,ES
2019,82.2511485685585,ES
2020,103.032522452021,ES
2021,102.967248651786,ES
2022,101.648195749697,ES
2023,101.758061544361,ES
2024,101.162763035193,ES
2025,101.465076541002,ES
2026,101.915663815566,ES
2027,102.485262964534,ES
1991,50.759601905801,VC
1992,48.345216798785,VC
1993,46.8889293168582,VC
1994,51.5055044517456,VC
1995,45.6373378063845,VC
1996,39.6681460064001,VC
1997,37.828639560172,VC
1998,38.5502314701823,VC
1999,51.5381979607462,VC
2000,52.9137434204499,VC
2001,50.8455109877318,VC
2002,52.0511161214518,VC
2003,53.697087432263,VC
2004,56.9335285556785,VC
2005,49.2041493350303,VC
2006,44.1728507989595,VC
2007,47.9730871339942,VC
2008,47.5817884971477,VC
2009,54.3850551212489,VC
2010,58.2187586604274,VC
2011,61.1447426018926,VC
2012,65.0663521435162,VC
2013,66.6798909991529,VC
2014,71.785661401073,VC
2015,71.7889736369236,VC
2016,76.2365025879503,VC
2017,65.5916114746187,VC
2018,65.8621407572656,VC
2019,66.9280469956713,VC
2020,76.4999411463011,VC
2021,86.7379903589815,VC
2022,85.471911797082,VC
2023,86.0900851650857,VC
2024,88.9712782988239,VC
2025,88.3322431694915,VC
2026,84.4109589566575,VC
2027,79.9154694256973,VC
1994,50.6052975446812,SE
1995,44.44126435096,SE
1996,46.2230772926661,SE
1997,49.8486520335139,SE
1998,50.5180209995332,SE
1999,43.4638819974793,SE
2000,24.3541206510721,SE
2001,30.273939173178,SE
2002,29.2741970245573,SE
2003,29.2459435756899,SE
2004,28.4870224443978,SE
2005,26.3433165534265,SE
2006,20.6778235225527,SE
2007,15.618662051792,SE
2008,13.5201580890983,SE
2009,14.3729720783187,SE
2010,13.3486270494498,SE
2011,11.6549912081987,SE
2012,11.2394692507733,SE
2013,11.3891307936257,SE
2014,11.2237992551462,SE
2015,11.1477372214803,SE
2016,8.87980174997639,SE
2017,6.20244691243032,SE
2018,5.85992271409476,SE
2019,4.3121075075169,SE
2020,8.66308661422375,SE
2021,8.59845875452752,SE
2022,8.59856688742533,SE
2023,8.15708795819612,SE
2024,7.51606419415967,SE
2025,6.91051004174382,SE
2026,6.32793564126125,SE
2027,5.78904043074964,SE
1991,14.1726125376141,CH
1992,17.7240594404783,CH
1993,20.4514225711621,CH
1994,22.9471957697203,CH
1995,24.8415173748862,CH
1996,26.8480711951824,CH
1997,28.7061787762275,CH
1998,29.7550296306265,CH
1999,33.7093232913235,CH
2000,33.8414639313703,CH
2001,34.6418205322769,CH
2002,38.5097855557532,CH
2003,38.6075731645433,CH
2004,44.3786092409771,CH
2005,41.4115389244934,CH
2006,36.2495352443214,CH
2007,29.1969016648159,CH
2008,24.7170188489598,CH
2009,23.148431559865,CH
2010,21.7118617509845,CH
2011,21.9092691731519,CH
2012,21.4384407927902,CH
2013,20.4973898389301,CH
2014,20.5437463257742,CH
2015,20.7095608256351,CH
2016,21.3818229640092,CH
2017,20.4958872837924,CH
2018,18.4819415226067,CH
2019,17.7339631950487,CH
2020,19.9434838234067,CH
2021,21.8779758222065,CH
2022,21.1169278499491,CH
2023,20.2652171416809,CH
2024,19.2834972243944,CH
2025,18.421868118947,CH
2026,17.3474273974636,CH
2027,16.5237507188626,CH
1991,163.214707728065,SY
1992,151.502713946934,SY
1993,148.736199712613,SY
1994,136.864834315505,SY
1995,123.898413258122,SY
1996,109.332522897017,SY
1997,111.646854416139,SY
1998,115.287073546589,SY
1999,107.641414766173,SY
2000,112.850413307154,SY
2001,105.766284017968,SY
2002,95.695781722648,SY
2003,95.1466353622001,SY
2004,85.3797173697074,SY
2005,31.2399640258112,SY
2006,28.8171069915539,SY
2007,27.041267642529,SY
2008,21.6881694326081,SY
2009,17.9374081806845,SY
2010,18.807253706595,SY
1998,17.5668185332217,TW
1999,21.8072504129664,TW
2000,24.3444306293238,TW
2001,28.2426991876703,TW
2002,27.8959571800058,TW
2003,30.2670962010165,TW
2004,31.5628877255917,TW
2005,32.1849493569902,TW
2006,31.4141095838982,TW
2007,30.2736808996206,TW
2008,31.470319011418,TW
2009,34.8279310181741,TW
2010,35.0069987232352,TW
2011,36.4597660643706,TW
2012,37.3220692275601,TW
2013,37.0118826436254,TW
2014,35.6055684301329,TW
2015,34.0585678918003,TW
2016,33.4810561702085,TW
2017,32.6307165934217,TW
2018,32.0320829283559,TW
2019,30.8429035658077,TW
2020,30.7150163256931,TW
2021,26.5835100061067,TW
2022,24.4768273489603,TW
2023,23.0216404931657,TW
2024,21.7229880229321,TW
2025,20.2023934837685,TW
2026,18.7463702129506,TW
2027,17.3859281791774,TW
1997,41.9614283742962,TT
1998,41.8312251002515,TT
1999,40.1552518833754,TT
2000,31.4537674899981,TT
2001,26.1767742936434,TT
2002,25.1533626857364,TT
2003,18.2163880069677,TT
2004,10.7130528989275,TT
2005,-3.34545421830033,TT
2006,-10.4901606818567,TT
2007,-6.69947909849161,TT
2008,-11.3529605827665,TT
2009,-11.5261920820009,TT
2010,-11.846812949819,TT
2011,-3.8122009733981,TT
2012,-8.98569170315015,TT
2013,-12.45972010649,TT
2014,-15.2885445292117,TT
2015,-19.1031960002001,TT
2016,-7.44526562278483,TT
2017,-8.70386061016394,TT
2018,-9.5990745297163,TT
2019,-1.47975189346264,TT
2020,9.29101734845689,TT
2021,12.5319128604466,TT
2022,13.2616234949744,TT
2023,14.4031386928634,TT
2024,14.5906858915913,TT
2025,14.9814449495773,TT
2026,14.7670373925846,TT
2027,13.9712820820195,TT
1996,45.9078270645434,TR
1997,43.2019235344981,TR
1998,43.687679890296,TR
1999,60.8927480159627,TR
2000,46.5622714250247,TR
2001,72.1549844136908,TR
2002,65.4044455927996,TR
2003,57.6955720457923,TR
2004,51.0849292812636,TR
2005,43.3961799501632,TR
2006,37.1020587103202,TR
2007,31.5973068724441,TR
2008,32.0667140597269,TR
2009,37.1726978584468,TR
2010,34.6667801776788,TR
2011,30.8778283633813,TR
2012,27.2650607552352,TR
2013,25.7533745494102,TR
2014,23.7071122942467,TR
2015,22.8405621188615,TR
2016,23.2752128133123,TR
2017,22.11520018056,TR
2018,24.3032023133239,TR
2019,25.560060463799,TR
2020,30.8287371543144,TR
2021,38.2477465799115,TR
2022,38.7132932108513,TR
2023,39.6494895337646,TR
2024,41.2942058832621,TR
2025,43.0264844390415,TR
2026,45.2536715432791,TR
2027,45.2319279918976,TR
1991,24.6035403622469,GB
1992,26.042104143126,GB
1993,30.2989442370933,GB
1994,35.3202189425083,GB
1995,39.2099638382333,GB
1996,42.1689867243473,GB
1997,39.3663557582788,GB
1998,37.226514998227,GB
1999,36.0012284422776,GB
2000,30.7040509786072,GB
2001,29.4615782694394,GB
2002,30.0176588795097,GB
2003,31.4942419263951,GB
2004,34.3372177850687,GB
2005,35.4897917774082,GB
2006,35.9850398382363,GB
2007,36.3074970852899,GB
2008,43.2477332319209,GB
2009,56.1877055076038,GB
2010,66.9117569524778,GB
2011,71.3403162247104,GB
2012,74.2827598025974,GB
2013,75.368944681302,GB
2014,77.322960384018,GB
2015,77.5831795172829,GB
2016,76.9443003652614,GB
2017,75.7140547878709,GB
2018,74.8080372336022,GB
2019,74.0575351297376,GB
2020,90.1864832325062,GB
2021,84.272329847982,GB
2022,76.1080857670565,GB
2023,71.2903405013774,GB
2024,68.0224341795919,GB
2025,64.8396653849536,GB
2026,61.8792773436159,GB
2027,59.1787120362807,GB
2002,36.3823462133204,US
2003,39.1507229551912,US
2004,47.8600412943254,US
2005,46.555578563102,US
2006,45.1750557340977,US
2007,45.3474135101991,US
2008,51.6118308581333,US
2009,62.6989684384292,US
2010,69.803664369168,US
2011,76.3192492175343,US
2012,80.4693751365053,US
2013,80.357758089677,US
2014,81.0771038720733,US
2015,80.8884860918295,US
2016,81.8577488218838,US
2017,80.3204527807902,US
2018,81.180641248298,US
2019,83.0445570496804,US
2020,98.6847837271911,US
2021,101.2714989901,US
2022,95.8433440547586,US
2023,94.872394876747,US
2024,96.0563554394363,US
2025,99.1968724087786,US
2026,102.391965781629,US
2027,105.639514703966,US
2009,32.8929944554111,UY
2010,30.6351607667465,UY
2011,29.6976758537527,UY
2012,38.1027244754888,UY
2013,39.7193596155195,UY
2014,41.5560847129806,UY
2015,45.6394483577522,UY
2016,45.6061972214711,UY
2017,45.7166821292016,UY
2018,47.8952479548097,UY
2019,51.1879804750297,UY
2020,57.9192720767381,UY
2021,57.3838743539984,UY
2022,55.6300537524589,UY
2023,56.4663145398869,UY
2024,57.0476964671096,UY
2025,57.3427847605877,UY
2026,57.1665260656275,UY
2027,57.4495057063477,UY
1999,93.993685129745,YE
2000,56.4220062213911,YE
2001,54.3766919850238,YE
2002,49.9600204616341,YE
2003,52.1668870674148,YE
2004,45.4664264041252,YE
2005,37.0645118813988,YE
2006,32.9992705511039,YE
2007,35.2363479597736,YE
2008,31.4223102394319,YE
2009,43.6332099316531,YE
2010,38.2752617972299,YE
2011,42.3395455527533,YE
2012,45.2755225342332,YE
2013,46.7124042154031,YE
2014,47.7883257786169,YE
2015,56.1459091074701,YE
2016,71.2796923300293,YE
2017,76.5593958006906,YE
2018,73.7947904383979,YE
2019,75.8388955526046,YE
2020,83.5495454666335,YE
2021,62.6810973233765,YE
2022,43.6413148966351,YE
2023,34.5514000129185,YE
2024,28.3926669614406,YE
2025,25.3126131466355,YE
2026,23.7415549161352,YE
2027,22.5119267472128,YE
2001,21.8931922722032,ZM
2002,21.73665886396,ZM
2003,23.9208582443938,ZM
2004,19.2620735598015,ZM
2005,13.0934392326981,ZM
2006,21.6106207625764,ZM
2007,17.5907166930051,ZM
2008,16.280288426608,ZM
2009,16.4647296755878,ZM
2010,15.9503307123773,ZM
2011,16.4222188512311,ZM
2012,20.0696257705319,ZM
2013,22.4278180954086,ZM
2014,31.9134031786102,ZM
2015,61.9368585687981,ZM
2016,58.3161637892789,ZM
2017,63.4573428340088,ZM
2018,77.9580087352933,ZM
2019,97.3905086433713,ZM
2020,138.091060688446,ZM
2021,121.477106831947,ZM
1991,33.6129360858993,XR29
1992,36.277434629187,XR29
1993,38.3732842977604,XR29
1994,43.3023090031059,XR29
1995,44.3886949116174,XR29
1996,48.4853815469469,XR29
1997,49.2473306452676,XR29
1998,52.5466777136858,XR29
1999,53.592233314307,XR29
2000,52.4989195788251,XR29
2001,45.5564440490412,XR29
2002,47.5538953186159,XR29
2003,49.4018839921606,XR29
2004,53.293365052915,XR29
2005,51.9715979752307,XR29
2006,49.7793672190436,XR29
2007,48.2776341295919,XR29
2008,52.9382060896482,XR29
2009,63.7001803694457,XR29
2010,68.9581351166112,XR29
2011,73.4252432088151,XR29
2012,76.074821163741,XR29
2013,74.9001550720049,XR29
2014,75.1138535384166,XR29
2015,75.1838347031378,XR29
2016,76.8099687214478,XR29
2017,74.4754396257259,XR29
2018,74.3636063242214,XR29
2019,75.2323094052591,XR29
2020,87.5102931618564,XR29
2021,87.3429081447824,XR29
2022,84.8196482884117,XR29
2023,83.8335359717847,XR29
2024,83.8935074740401,XR29
2025,84.8737020977163,XR29
2026,85.7849731978006,XR29
2027,86.6763074251703,XR29
1991,34.4261376591088,XR23
1992,37.4815912003434,XR23
1993,39.744616035651,XR23
1994,44.5576192033501,XR23
1995,45.1043964023591,XR23
1996,49.7604059473978,XR23
1997,51.4715322780387,XR23
1998,54.513270133233,XR23
1999,57.0949578153078,XR23
2000,56.6153547079709,XR23
2001,46.8814448079074,XR23
2002,49.4484104935245,XR23
2003,51.8087039957109,XR23
2004,56.6490675273339,XR23
2005,55.6518071196397,XR23
2006,53.912294306345,XR23
2007,53.0467564780626,XR23
2008,58.6953344548662,XR23
2009,70.0516130700906,XR23
2010,75.470265609529,XR23
2011,80.3908205779185,XR23
2012,82.4915938422127,XR23
2013,81.0718084670698,XR23
2014,81.2172897555637,XR23
2015,81.0961163267742,XR23
2016,82.9371713492657,XR23
2017,80.6569459253838,XR23
2018,80.8949857077129,XR23
2019,81.9570374199878,XR23
2020,95.3889153120382,XR23
2021,95.6474144248994,XR23
2022,92.5561602259147,XR23
2023,91.5464229863934,XR23
2024,91.8022197829092,XR23
2025,93.1056814030067,XR23
2026,94.3397520196488,XR23
2027,95.5761432188066,XR23
1999,53.1754376844931,XR24
2000,45.0716690258909,XR24
2001,49.5221963038714,XR24
2002,52.3504102279616,XR24
2003,48.2562861672227,XR24
2004,43.1721058154654,XR24
2005,36.9132421548798,XR24
2006,33.203937828394,XR24
2007,30.0139497031644,XR24
2008,25.1247570821441,XR24
2009,28.1841006821061,XR24
2010,27.0357067689153,XR24
2011,24.6744917006905,XR24
2012,21.7840863654494,XR24
2013,21.5797821604216,XR24
2014,23.061314057284,XR24
2015,25.9885754873197,XR24
2016,31.8983957751478,XR24
2017,34.8780667356729,XR24
2018,35.8290180696626,XR24
2019,37.3806777593926,XR24
2020,44.7233563441274,XR24
2021,44.8455756527539,XR24
2022,44.0197322163183,XR24
2023,45.0089304809739,XR24
1999,44.5905035270192,1C_035
2000,40.5832226697687,1C_035
2001,43.287565291489,1C_035
2002,47.3368757729469,1C_035
2003,44.3705653605986,1C_035
2004,39.5222117197907,1C_035
2005,34.0079245061807,1C_035
2006,30.0853497892256,1C_035
2007,26.3428682238329,1C_035
2008,23.060414362206,1C_035
2009,26.3966934361143,1C_035
2010,26.2163314430139,1C_035
2011,24.3619185778969,1C_035
2012,23.0167499036131,1C_035
2013,23.1911311251419,1C_035
2014,24.608275481341,1C_035
2015,28.9838388091306,1C_035
2016,34.6982793210595,1C_035
2017,35.9746799260838,1C_035
2018,36.664171079747,1C_035
2019,38.0765156310433,1C_035
2020,45.4076791425447,1C_035
2021,46.1891819458497,1C_035
2022,44.0250292807224,1C_035
2023,44.0036439401268,1C_035
2024,44.4426093608219,1C_035
2025,44.6763608395529,1C_035
2026,44.8366348368448,1C_035
2027,44.6145003925572,1C_035
1996,43.2760277978376,1C_EMEUR
1997,41.6720727492724,1C_EMEUR
1998,40.5678432048648,1C_EMEUR
1999,50.6291498865986,1C_EMEUR
2000,42.4180195393835,1C_EMEUR
2001,49.9837473940351,1C_EMEUR
2002,45.7764064549788,1C_EMEUR
2003,44.2196090323737,1C_EMEUR
2004,39.7043030301655,1C_EMEUR
2005,37.3157249051275,1C_EMEUR
2006,32.8444827495151,1C_EMEUR
2007,28.5599428481409,1C_EMEUR
2008,29.6108174419332,1C_EMEUR
2009,34.3358445263305,1C_EMEUR
2010,35.479785057099,1C_EMEUR
2011,34.2021835600868,1C_EMEUR
2012,31.833420769444,1C_EMEUR
2013,31.5893420617502,1C_EMEUR
2014,30.1509122355024,1C_EMEUR
2015,29.3109413174473,1C_EMEUR
2016,31.2068200365639,1C_EMEUR
2017,29.8685771506785,1C_EMEUR
2018,30.2925858684926,1C_EMEUR
2019,28.9890369816382,1C_EMEUR
2020,36.4319241982627,1C_EMEUR
2021,39.108766971178,1C_EMEUR
2022,39.0100201045708,1C_EMEUR
2023,38.0297171287385,1C_EMEUR
2024,38.9325298251885,1C_EMEUR
2025,39.6156936323044,1C_EMEUR
2026,40.5017918815854,1C_EMEUR
2027,40.5427263727186,1C_EMEUR
1999,32.838664857675,1C_EMFLAT
2000,37.9136396982916,1C_EMFLAT
2001,38.7998970595765,1C_EMFLAT
2002,43.1810574877826,1C_EMFLAT
2003,41.1450884279746,1C_EMFLAT
2004,37.9802219419143,1C_EMFLAT
2005,36.0564366015194,1C_EMFLAT
2006,34.0183638040554,1C_EMFLAT
2007,32.4935575764119,1C_EMFLAT
2008,30.474972444257,1C_EMFLAT
2009,33.742523651781,1C_EMFLAT
2010,32.6670370846961,1C_EMFLAT
2011,30.7487634209886,1C_EMFLAT
2012,29.1178170538615,1C_EMFLAT
2013,29.1550386429392,1C_EMFLAT
2014,31.7036280711097,1C_EMFLAT
2015,34.9277475600126,1C_EMFLAT
2016,40.3064502409097,1C_EMFLAT
2017,42.5226444067868,1C_EMFLAT
2018,42.97569934791,1C_EMFLAT
2019,44.2025185821739,1C_EMFLAT
2020,51.7426571765328,1C_EMFLAT
2021,49.2484741092091,1C_EMFLAT
2022,50.3776086832708,1C_EMFLAT
2023,51.5522905488536,1C_EMFLAT
2024,52.3240641496867,1C_EMFLAT
2025,52.8167182878582,1C_EMFLAT
2026,53.2122044969606,1C_EMFLAT
2027,53.1317043578133,1C_EMFLAT
1992,55.6141583611629,1C_EMMENAP
1993,65.0687082904646,1C_EMMENAP
1994,75.0854519012935,1C_EMMENAP
1995,81.0382942477644,1C_EMMENAP
1996,60.3792453369536,1C_EMMENAP
1997,57.5731077352749,1C_EMMENAP
1998,60.0166109827199,1C_EMMENAP
1999,55.0338716403065,1C_EMMENAP
2000,46.7173550946463,1C_EMMENAP
2001,49.9847844135795,1C_EMMENAP
2002,63.1499314820457,1C_EMMENAP
2003,56.2711750459501,1C_EMMENAP
2004,46.5646224363274,1C_EMMENAP
2005,29.3372021094388,1C_EMMENAP
2006,21.0209563662325,1C_EMMENAP
2007,12.7061102446698,1C_EMMENAP
2008,1.21931409160335,1C_EMMENAP
2009,6.53087193517747,1C_EMMENAP
2010,6.06544670265118,1C_EMMENAP
2011,3.30883889631791,1C_EMMENAP
2012,1.25889524617429,1C_EMMENAP
2013,0.518949172443318,1C_EMMENAP
2014,3.60319341539343,1C_EMMENAP
2015,18.6062522660445,1C_EMMENAP
2016,31.7556902632043,1C_EMMENAP
2017,32.7231971500898,1C_EMMENAP
2018,33.9261567332087,1C_EMMENAP
2019,38.3058617923175,1C_EMMENAP
2020,45.4546111747534,1C_EMMENAP
2021,47.6083382553755,1C_EMMENAP
2022,38.9449655043526,1C_EMMENAP
2023,37.5249976135884,1C_EMMENAP
2024,37.1239784263052,1C_EMMENAP
2025,36.6982247788135,1C_EMMENAP
2026,36.0665250063163,1C_EMMENAP
2027,35.3911083341498,1C_EMMENAP
1991,34.4811487176751,R22
1992,37.6121968308918,R22
1993,39.9894543738378,R22
1994,44.845867486607,R22
1995,45.3415794154118,R22
1996,49.9604058217182,R22
1997,51.5971728024697,R22
1998,54.0119908131049,R22
1999,56.7964636407342,R22
2000,55.0082655936844,R22
2001,47.0833552177149,R22
2002,49.6640762328024,R22
2003,51.5540247715803,R22
2004,55.6203319617595,R22
2005,54.0123079404995,R22
2006,51.9417089908331,R22
2007,50.6912758568033,R22
2008,54.5789915627158,R22
2009,65.0810119888969,R22
2010,68.7248180421606,R22
2011,72.0821578720904,R22
2012,73.5126867145647,R22
2013,72.1346648657518,R22
2014,72.6844218516832,R22
2015,73.8270378523386,R22
2016,76.4166142456459,R22
2017,74.5427637334757,R22
2018,75.135738785954,R22
2019,76.3035385513254,R22
2020,89.6225691384537,R22
2021,89.6365367800863,R22
2022,86.7561636025899,R22
2023,86.0192943120077,R22
2024,86.2345452074761,R22
2025,87.3682096587769,R22
2026,88.4214006698118,R22
2027,89.3698111205796,R22
1991,35.3076566802855,R23
1992,38.1944057340706,R23
1993,40.3758337195234,R23
1994,45.3663135740147,R23
1995,45.7525146713214,R23
1996,50.733772790937,R23
1997,52.6922736550506,R23
1998,55.8458151638972,R23
1999,58.6813548608942,R23
2000,58.285943536152,R23
2001,47.6110267272507,R23
2002,50.3301887937767,R23
2003,53.8301670321191,R23
2004,59.058223715826,R23
2005,58.2091645842524,R23
2006,56.4691919886083,R23
2007,55.8452007976876,R23
2008,61.7474476931656,R23
2009,73.435898735083,R23
2010,79.7310170056861,R23
2011,85.1333481143736,R23
2012,88.4353321120868,R23
2013,86.7785618410433,R23
2014,86.7331402544941,R23
2015,86.2034114666885,R23
2016,88.1097266184033,R23
2017,85.9158969816357,R23
2018,86.1058505014068,R23
2019,86.7606873073248,R23
2020,100.780080180082,R23
2021,101.19803814633,R23
2022,97.5299967583647,R23
2023,96.2446456879961,R23
2024,96.4502551899429,R23
2025,97.8312569219279,R23
2026,99.1735142946996,R23
2027,100.540666954861,R23
2001,64.4529168505115,1C_234
2002,58.1567147534437,1C_234
2003,58.6166939277508,1C_234
2004,52.4480870058326,1C_234
2005,43.6738604168334,1C_234
2006,35.1184779487061,1C_234
2009,43.5454523803327,1C_234
2010,38.5657677259229,1C_234
2012,43.2772713548512,1C_234
2013,44.5450017610636,1C_234
2014,46.6964648105548,1C_234
2015,55.435513712221,1C_234
2022,46.6053923014627,1C_234
2023,40.4917555213481,1C_234
2024,35.232319168542,1C_234
2025,32.5105200120477,1C_234
2026,30.8746629088375,1C_234
2027,28.9488340630592,1C_234
2000,56.4228778078963,1C_232
2001,53.8355300145462,1C_232
2002,51.2565509217465,1C_232
2003,50.1680698183745,1C_232
2004,46.7930625001574,1C_232
2005,39.3094798258258,1C_232
2006,26.9835766037861,1C_232
2007,21.4521606094812,1C_232
2008,7.92364134011938,1C_232
2009,11.4563478756661,1C_232
2010,12.9778153915407,1C_232
2011,17.0085898367261,1C_232
2012,16.6434378002357,1C_232
2013,18.0667738448058,1C_232
2014,20.1105899839459,1C_232
2015,24.8113071910322,1C_232
2016,29.7933535582932,1C_232
2017,32.9091372912102,1C_232
2018,36.309212748097,1C_232
2019,37.9017776058622,1C_232
2020,46.3027391823765,1C_232
2021,48.4867596614873,1C_232
2022,48.0265562054658,1C_232
2023,47.336099411079,1C_232
2024,46.8022892147692,1C_232
2025,46.7301800051935,1C_232
2026,46.9135439450088,1C_232
2027,47.0646572206967,1C_232
2009,8.30894776710111,1C_235
2010,8.91341343903146,1C_235
2011,14.6434878190815,1C_235
2012,13.1396348538056,1C_235
2013,14.0122916402407,1C_235
2014,16.1721003385995,1C_235
2015,19.0735424333684,1C_235
2016,22.7576522570649,1C_235
2017,24.6465325979316,1C_235
2018,25.9436762579908,1C_235
2019,27.7969370352336,1C_235
2020,36.1332319363902,1C_235
2021,37.8028781054942,1C_235
2022,37.1733872404905,1C_235
2023,38.0921440621698,1C_235
2024,39.2386963824829,1C_235
2025,40.5097738326927,1C_235
2026,41.7959312881308,1C_235
2027,43.0263128839339,1C_235
1991,41.0044576798754,1C_Oil_producers
1992,45.0591339339203,1C_Oil_producers
1993,51.843899119638,1C_Oil_producers
1994,55.956905036846,1C_Oil_producers
1995,56.6577670918828,1C_Oil_producers
1996,52.2673755094569,1C_Oil_producers
1997,49.4477283443396,1C_Oil_producers
1998,49.6903980222882,1C_Oil_producers
1999,44.3272846187721,1C_Oil_producers
2000,35.2329663655487,1C_Oil_producers
2001,32.7344121837451,1C_Oil_producers
2002,33.8229855306762,1C_Oil_producers
2003,28.8488773173992,1C_Oil_producers
2004,22.2855203828972,1C_Oil_producers
2005,12.5991377316855,1C_Oil_producers
2006,6.47491255163745,1C_Oil_producers
2007,1.2535850326462,1C_Oil_producers
2008,-5.75137837293385,1C_Oil_producers
2009,-0.73528159393649,1C_Oil_producers
2010,0.463680140391623,1C_Oil_producers
2011,-0.487658830746236,1C_Oil_producers
2012,-2.29716909248253,1C_Oil_producers
2013,-4.78640845387114,1C_Oil_producers
2014,-5.46633179284869,1C_Oil_producers
2015,-0.776696102535185,1C_Oil_producers
2016,6.61690541878456,1C_Oil_producers
2017,7.87280688381059,1C_Oil_producers
2018,9.55093764762441,1C_Oil_producers
2019,11.5451796981944,1C_Oil_producers
2020,21.3108370451802,1C_Oil_producers
2021,23.1238724218661,1C_Oil_producers
2022,20.2726366518765,1C_Oil_producers
2023,19.1390348022907,1C_Oil_producers
2024,18.7722029846574,1C_Oil_producers
2025,18.518228403446,1C_Oil_producers
2026,17.9896367838501,1C_Oil_producers
2027,17.5621352646281,1C_Oil_producers
